,FundCode,FundName,TradingDay,NetWorth
0,002256,金信行业优选混合发起式,2016-06-08,1.012
1,002256,金信行业优选混合发起式,2016-06-13,0.986
2,002256,金信行业优选混合发起式,2016-06-14,0.986
3,002256,金信行业优选混合发起式,2016-06-15,1.009
4,002256,金信行业优选混合发起式,2016-06-16,1.008
5,002256,金信行业优选混合发起式,2016-06-17,1.011
6,002256,金信行业优选混合发起式,2016-06-20,1.016
7,002256,金信行业优选混合发起式,2016-06-21,1.007
8,002256,金信行业优选混合发起式,2016-06-22,1.019
9,002256,金信行业优选混合发起式,2016-06-23,1.016
10,002256,金信行业优选混合发起式,2016-06-24,1.009
11,002256,金信行业优选混合发起式,2016-06-27,1.031
12,002256,金信行业优选混合发起式,2016-06-28,1.037
13,002256,金信行业优选混合发起式,2016-06-29,1.036
14,002256,金信行业优选混合发起式,2016-06-30,1.035
15,002256,金信行业优选混合发起式,2016-07-01,1.037
16,002256,金信行业优选混合发起式,2016-07-04,1.046
17,002256,金信行业优选混合发起式,2016-07-05,1.047
18,002256,金信行业优选混合发起式,2016-07-06,1.045
19,002256,金信行业优选混合发起式,2016-07-07,1.053
20,002256,金信行业优选混合发起式,2016-07-08,1.054
21,002256,金信行业优选混合发起式,2016-07-11,1.043
22,002256,金信行业优选混合发起式,2016-07-12,1.053
23,002256,金信行业优选混合发起式,2016-07-13,1.061
24,002256,金信行业优选混合发起式,2016-07-14,1.06
25,002256,金信行业优选混合发起式,2016-07-15,1.055
26,002256,金信行业优选混合发起式,2016-07-18,1.052
27,002256,金信行业优选混合发起式,2016-07-19,1.061
28,002256,金信行业优选混合发起式,2016-07-20,1.062
29,002256,金信行业优选混合发起式,2016-07-21,1.06
30,002256,金信行业优选混合发起式,2016-07-22,1.054
31,002256,金信行业优选混合发起式,2016-07-25,1.058
32,002256,金信行业优选混合发起式,2016-07-26,1.067
33,002256,金信行业优选混合发起式,2016-07-27,1.032
34,002256,金信行业优选混合发起式,2016-07-28,1.023
35,002256,金信行业优选混合发起式,2016-07-29,1.014
36,002256,金信行业优选混合发起式,2016-08-01,1.002
37,002256,金信行业优选混合发起式,2016-08-02,1.01
38,002256,金信行业优选混合发起式,2016-08-03,1.009
39,002256,金信行业优选混合发起式,2016-08-04,1.019
40,002256,金信行业优选混合发起式,2016-08-05,1.017
41,002256,金信行业优选混合发起式,2016-08-08,1.028
42,002256,金信行业优选混合发起式,2016-08-09,1.036
43,002256,金信行业优选混合发起式,2016-08-10,1.036
44,002256,金信行业优选混合发起式,2016-08-11,1.022
45,002256,金信行业优选混合发起式,2016-08-12,1.03
46,002256,金信行业优选混合发起式,2016-08-15,1.053
47,002256,金信行业优选混合发起式,2016-08-16,1.059
48,002256,金信行业优选混合发起式,2016-08-17,1.055
49,002256,金信行业优选混合发起式,2016-08-18,1.057
50,002256,金信行业优选混合发起式,2016-08-19,1.06
51,002256,金信行业优选混合发起式,2016-08-22,1.042
52,002256,金信行业优选混合发起式,2016-08-23,1.043
53,002256,金信行业优选混合发起式,2016-08-24,1.047
54,002256,金信行业优选混合发起式,2016-08-25,1.042
55,002256,金信行业优选混合发起式,2016-08-26,1.044
56,002256,金信行业优选混合发起式,2016-08-29,1.042
57,002256,金信行业优选混合发起式,2016-08-30,1.045
58,002256,金信行业优选混合发起式,2016-08-31,1.045
59,002256,金信行业优选混合发起式,2016-09-01,1.042
60,002256,金信行业优选混合发起式,2016-09-02,1.038
61,002256,金信行业优选混合发起式,2016-09-05,1.046
62,002256,金信行业优选混合发起式,2016-09-06,1.061
63,002256,金信行业优选混合发起式,2016-09-07,1.058
64,002256,金信行业优选混合发起式,2016-09-08,1.059
65,002256,金信行业优选混合发起式,2016-09-09,1.058
66,002256,金信行业优选混合发起式,2016-09-12,1.038
67,002256,金信行业优选混合发起式,2016-09-13,1.046
68,002256,金信行业优选混合发起式,2016-09-14,1.043
69,002256,金信行业优选混合发起式,2016-09-19,1.049
70,002256,金信行业优选混合发起式,2016-09-20,1.045
71,002256,金信行业优选混合发起式,2016-09-21,1.047
72,002256,金信行业优选混合发起式,2016-09-22,1.052
73,002256,金信行业优选混合发起式,2016-09-23,1.05
74,002256,金信行业优选混合发起式,2016-09-26,1.031
75,002256,金信行业优选混合发起式,2016-09-27,1.036
76,002256,金信行业优选混合发起式,2016-09-28,1.039
77,002256,金信行业优选混合发起式,2016-09-29,1.041
78,002256,金信行业优选混合发起式,2016-09-30,1.042
79,002256,金信行业优选混合发起式,2016-10-10,1.061
80,002256,金信行业优选混合发起式,2016-10-11,1.064
81,002256,金信行业优选混合发起式,2016-10-12,1.059
82,002256,金信行业优选混合发起式,2016-10-13,1.063
83,002256,金信行业优选混合发起式,2016-10-14,1.059
84,002256,金信行业优选混合发起式,2016-10-17,1.052
85,002256,金信行业优选混合发起式,2016-10-18,1.064
86,002256,金信行业优选混合发起式,2016-10-19,1.061
87,002256,金信行业优选混合发起式,2016-10-20,1.07
88,002256,金信行业优选混合发起式,2016-10-21,1.066
89,002256,金信行业优选混合发起式,2016-10-24,1.073
90,002256,金信行业优选混合发起式,2016-10-25,1.073
91,002256,金信行业优选混合发起式,2016-10-26,1.072
92,002256,金信行业优选混合发起式,2016-10-27,1.073
93,002256,金信行业优选混合发起式,2016-10-28,1.068
94,002256,金信行业优选混合发起式,2016-10-31,1.071
95,002256,金信行业优选混合发起式,2016-11-01,1.076
96,002256,金信行业优选混合发起式,2016-11-02,1.073
97,002256,金信行业优选混合发起式,2016-11-03,1.072
98,002256,金信行业优选混合发起式,2016-11-04,1.068
99,002256,金信行业优选混合发起式,2016-11-07,1.072
100,002256,金信行业优选混合发起式,2016-11-08,1.077
101,002256,金信行业优选混合发起式,2016-11-09,1.07
102,002256,金信行业优选混合发起式,2016-11-10,1.079
103,002256,金信行业优选混合发起式,2016-11-11,1.086
104,002256,金信行业优选混合发起式,2016-11-14,1.082
105,002256,金信行业优选混合发起式,2016-11-15,1.086
106,002256,金信行业优选混合发起式,2016-11-16,1.088
107,002256,金信行业优选混合发起式,2016-11-17,1.085
108,002256,金信行业优选混合发起式,2016-11-18,1.08
109,002256,金信行业优选混合发起式,2016-11-21,1.076
110,002256,金信行业优选混合发起式,2016-11-22,1.083
111,002256,金信行业优选混合发起式,2016-11-23,1.079
112,002256,金信行业优选混合发起式,2016-11-24,1.076
113,002256,金信行业优选混合发起式,2016-11-25,1.073
114,002256,金信行业优选混合发起式,2016-11-28,1.069
115,002256,金信行业优选混合发起式,2016-11-29,1.06
116,002256,金信行业优选混合发起式,2016-11-30,1.059
117,002256,金信行业优选混合发起式,2016-12-01,1.063
118,002256,金信行业优选混合发起式,2016-12-02,1.044
119,002256,金信行业优选混合发起式,2016-12-05,1.047
120,002256,金信行业优选混合发起式,2016-12-06,1.048
121,002256,金信行业优选混合发起式,2016-12-07,1.056
122,002256,金信行业优选混合发起式,2016-12-08,1.057
123,002256,金信行业优选混合发起式,2016-12-09,1.048
124,002256,金信行业优选混合发起式,2016-12-12,1.0
125,002256,金信行业优选混合发起式,2016-12-13,1.006
126,002256,金信行业优选混合发起式,2016-12-14,0.992
127,002256,金信行业优选混合发起式,2016-12-15,0.992
128,002256,金信行业优选混合发起式,2016-12-16,0.999
129,002256,金信行业优选混合发起式,2016-12-19,0.992
130,002256,金信行业优选混合发起式,2016-12-20,0.991
131,002256,金信行业优选混合发起式,2016-12-21,0.998
132,002256,金信行业优选混合发起式,2016-12-22,0.999
133,002256,金信行业优选混合发起式,2016-12-23,0.986
134,002256,金信行业优选混合发起式,2016-12-26,0.991
135,002256,金信行业优选混合发起式,2016-12-27,0.988
136,002256,金信行业优选混合发起式,2016-12-28,0.986
137,002256,金信行业优选混合发起式,2016-12-29,0.981
138,002256,金信行业优选混合发起式,2016-12-30,0.985
139,002256,金信行业优选混合发起式,2016-12-31,0.985
140,002256,金信行业优选混合发起式,2017-01-03,0.984
141,002256,金信行业优选混合发起式,2017-01-04,0.997
142,002256,金信行业优选混合发起式,2017-01-05,0.995
143,002256,金信行业优选混合发起式,2017-01-06,0.985
144,002256,金信行业优选混合发起式,2017-01-09,0.989
145,002256,金信行业优选混合发起式,2017-01-10,0.984
146,002256,金信行业优选混合发起式,2017-01-11,0.973
147,002256,金信行业优选混合发起式,2017-01-12,0.963
148,002256,金信行业优选混合发起式,2017-01-13,0.95
149,002256,金信行业优选混合发起式,2017-01-16,0.928
150,002256,金信行业优选混合发起式,2017-01-17,0.935
151,002256,金信行业优选混合发起式,2017-01-18,0.928
152,002256,金信行业优选混合发起式,2017-01-19,0.928
153,002256,金信行业优选混合发起式,2017-01-20,0.943
154,002256,金信行业优选混合发起式,2017-01-23,0.95
155,002256,金信行业优选混合发起式,2017-01-24,0.948
156,002256,金信行业优选混合发起式,2017-01-25,0.952
157,002256,金信行业优选混合发起式,2017-01-26,0.962
158,002256,金信行业优选混合发起式,2017-02-03,0.961
159,002256,金信行业优选混合发起式,2017-02-06,0.968
160,002256,金信行业优选混合发起式,2017-02-07,0.969
161,002256,金信行业优选混合发起式,2017-02-08,0.977
162,002256,金信行业优选混合发起式,2017-02-09,0.979
163,002256,金信行业优选混合发起式,2017-02-10,0.978
164,002256,金信行业优选混合发起式,2017-02-13,0.984
165,002256,金信行业优选混合发起式,2017-02-14,0.984
166,002256,金信行业优选混合发起式,2017-02-15,0.973
167,002256,金信行业优选混合发起式,2017-02-16,0.982
168,002256,金信行业优选混合发起式,2017-02-17,0.973
169,002256,金信行业优选混合发起式,2017-02-20,0.98
170,002256,金信行业优选混合发起式,2017-02-21,0.987
171,002256,金信行业优选混合发起式,2017-02-22,0.991
172,002256,金信行业优选混合发起式,2017-02-23,0.993
173,002256,金信行业优选混合发起式,2017-02-24,0.996
174,002256,金信行业优选混合发起式,2017-02-27,0.99
175,002256,金信行业优选混合发起式,2017-02-28,0.995
176,002256,金信行业优选混合发起式,2017-03-01,0.997
177,002256,金信行业优选混合发起式,2017-03-02,0.996
178,002256,金信行业优选混合发起式,2017-03-03,0.999
179,002256,金信行业优选混合发起式,2017-03-06,1.015
180,002256,金信行业优选混合发起式,2017-03-07,1.02
181,002256,金信行业优选混合发起式,2017-03-08,1.013
182,002256,金信行业优选混合发起式,2017-03-09,1.005
183,002256,金信行业优选混合发起式,2017-03-10,1.008
184,002256,金信行业优选混合发起式,2017-03-13,1.022
185,002256,金信行业优选混合发起式,2017-03-14,1.019
186,002256,金信行业优选混合发起式,2017-03-15,1.02
187,002256,金信行业优选混合发起式,2017-03-16,1.029
188,002256,金信行业优选混合发起式,2017-03-17,1.017
189,002256,金信行业优选混合发起式,2017-03-20,1.021
190,002256,金信行业优选混合发起式,2017-03-21,1.026
191,002256,金信行业优选混合发起式,2017-03-22,1.022
192,002256,金信行业优选混合发起式,2017-03-23,1.032
193,002256,金信行业优选混合发起式,2017-03-24,1.036
194,002256,金信行业优选混合发起式,2017-03-27,1.032
195,002256,金信行业优选混合发起式,2017-03-28,1.032
196,002256,金信行业优选混合发起式,2017-03-29,1.029
197,002256,金信行业优选混合发起式,2017-03-30,1.008
198,002256,金信行业优选混合发起式,2017-03-31,1.009
199,002256,金信行业优选混合发起式,2017-04-05,1.028
200,002256,金信行业优选混合发起式,2017-04-06,1.025
201,002256,金信行业优选混合发起式,2017-04-07,1.024
202,002256,金信行业优选混合发起式,2017-04-10,1.008
203,002256,金信行业优选混合发起式,2017-04-11,1.011
204,002256,金信行业优选混合发起式,2017-04-12,1.003
205,002256,金信行业优选混合发起式,2017-04-13,0.997
206,002256,金信行业优选混合发起式,2017-04-14,0.985
207,002256,金信行业优选混合发起式,2017-04-17,0.977
208,002256,金信行业优选混合发起式,2017-04-18,0.968
209,002256,金信行业优选混合发起式,2017-04-19,0.958
210,002256,金信行业优选混合发起式,2017-04-20,0.962
211,002256,金信行业优选混合发起式,2017-04-21,0.957
212,002256,金信行业优选混合发起式,2017-04-24,0.943
213,002256,金信行业优选混合发起式,2017-04-25,0.942
214,002256,金信行业优选混合发起式,2017-04-26,0.944
215,002256,金信行业优选混合发起式,2017-04-27,0.953
216,002256,金信行业优选混合发起式,2017-04-28,0.953
217,002256,金信行业优选混合发起式,2017-05-02,0.952
218,002256,金信行业优选混合发起式,2017-05-03,0.95
219,002256,金信行业优选混合发起式,2017-05-04,0.945
220,002256,金信行业优选混合发起式,2017-05-05,0.931
221,002256,金信行业优选混合发起式,2017-05-08,0.92
222,002256,金信行业优选混合发起式,2017-05-09,0.931
223,002256,金信行业优选混合发起式,2017-05-10,0.916
224,002256,金信行业优选混合发起式,2017-05-11,0.915
225,002256,金信行业优选混合发起式,2017-05-12,0.913
226,002256,金信行业优选混合发起式,2017-05-15,0.918
227,002256,金信行业优选混合发起式,2017-05-16,0.937
228,002256,金信行业优选混合发起式,2017-05-17,0.938
229,002256,金信行业优选混合发起式,2017-05-18,0.928
230,002256,金信行业优选混合发起式,2017-05-19,0.927
231,002256,金信行业优选混合发起式,2017-05-22,0.917
232,002256,金信行业优选混合发起式,2017-05-23,0.896
233,002256,金信行业优选混合发起式,2017-05-24,0.9
234,002256,金信行业优选混合发起式,2017-05-25,0.909
235,002256,金信行业优选混合发起式,2017-05-26,0.907
236,002256,金信行业优选混合发起式,2017-05-31,0.903
237,002256,金信行业优选混合发起式,2017-06-01,0.884
238,002256,金信行业优选混合发起式,2017-06-02,0.887
239,002256,金信行业优选混合发起式,2017-06-05,0.894
240,002256,金信行业优选混合发起式,2017-06-06,0.909
241,002256,金信行业优选混合发起式,2017-06-07,0.925
242,002256,金信行业优选混合发起式,2017-06-08,0.923
243,002256,金信行业优选混合发起式,2017-06-09,0.924
244,002256,金信行业优选混合发起式,2017-06-12,0.915
245,002256,金信行业优选混合发起式,2017-06-13,0.93
246,002256,金信行业优选混合发起式,2017-06-14,0.928
247,002256,金信行业优选混合发起式,2017-06-15,0.941
248,002256,金信行业优选混合发起式,2017-06-16,0.939
249,002256,金信行业优选混合发起式,2017-06-19,0.946
250,002256,金信行业优选混合发起式,2017-06-20,0.952
251,002256,金信行业优选混合发起式,2017-06-21,0.954
252,002256,金信行业优选混合发起式,2017-06-22,0.942
253,002256,金信行业优选混合发起式,2017-06-23,0.948
254,002256,金信行业优选混合发起式,2017-06-26,0.96
255,002256,金信行业优选混合发起式,2017-06-27,0.96
256,002256,金信行业优选混合发起式,2017-06-28,0.95
257,002256,金信行业优选混合发起式,2017-06-29,0.962
258,002256,金信行业优选混合发起式,2017-06-30,0.963
259,002256,金信行业优选混合发起式,2017-07-03,0.967
260,002256,金信行业优选混合发起式,2017-07-04,0.966
261,002256,金信行业优选混合发起式,2017-07-05,0.975
262,002256,金信行业优选混合发起式,2017-07-06,0.98
263,002256,金信行业优选混合发起式,2017-07-07,0.991
264,002256,金信行业优选混合发起式,2017-07-10,0.981
265,002256,金信行业优选混合发起式,2017-07-11,0.969
266,002256,金信行业优选混合发起式,2017-07-12,0.97
267,002256,金信行业优选混合发起式,2017-07-13,0.971
268,002256,金信行业优选混合发起式,2017-07-14,0.967
269,002256,金信行业优选混合发起式,2017-07-17,0.923
270,002256,金信行业优选混合发起式,2017-07-18,0.933
271,002256,金信行业优选混合发起式,2017-07-19,0.953
272,002256,金信行业优选混合发起式,2017-07-20,0.956
273,002256,金信行业优选混合发起式,2017-07-21,0.953
274,002256,金信行业优选混合发起式,2017-07-24,0.956
275,002256,金信行业优选混合发起式,2017-07-25,0.948
276,002256,金信行业优选混合发起式,2017-07-26,0.95
277,002256,金信行业优选混合发起式,2017-07-27,0.962
278,002256,金信行业优选混合发起式,2017-07-28,0.968
279,002256,金信行业优选混合发起式,2017-07-31,0.973
280,002256,金信行业优选混合发起式,2017-08-01,0.973
281,002256,金信行业优选混合发起式,2017-08-02,0.962
282,002256,金信行业优选混合发起式,2017-08-03,0.963
283,002256,金信行业优选混合发起式,2017-08-04,0.946
284,002256,金信行业优选混合发起式,2017-08-07,0.959
285,002256,金信行业优选混合发起式,2017-08-08,0.97
286,002256,金信行业优选混合发起式,2017-08-09,0.976
287,002256,金信行业优选混合发起式,2017-08-10,0.97
288,002256,金信行业优选混合发起式,2017-08-11,0.95
289,002256,金信行业优选混合发起式,2017-08-14,0.975
290,002256,金信行业优选混合发起式,2017-08-15,0.978
291,002256,金信行业优选混合发起式,2017-08-16,0.983
292,002256,金信行业优选混合发起式,2017-08-17,0.995
293,002256,金信行业优选混合发起式,2017-08-18,0.988
294,002256,金信行业优选混合发起式,2017-08-21,0.996
295,002256,金信行业优选混合发起式,2017-08-22,0.994
296,002256,金信行业优选混合发起式,2017-08-23,0.988
297,002256,金信行业优选混合发起式,2017-08-24,0.981
298,002256,金信行业优选混合发起式,2017-08-25,0.99
299,002256,金信行业优选混合发起式,2017-08-28,1.006
300,002256,金信行业优选混合发起式,2017-08-29,1.007
301,002256,金信行业优选混合发起式,2017-08-30,1.013
302,002256,金信行业优选混合发起式,2017-08-31,1.015
303,002256,金信行业优选混合发起式,2017-09-01,1.023
304,002256,金信行业优选混合发起式,2017-09-04,1.033
305,002256,金信行业优选混合发起式,2017-09-05,1.033
306,002256,金信行业优选混合发起式,2017-09-06,1.044
307,002256,金信行业优选混合发起式,2017-09-07,1.04
308,002256,金信行业优选混合发起式,2017-09-08,1.039
309,002256,金信行业优选混合发起式,2017-09-11,1.06
310,002256,金信行业优选混合发起式,2017-09-12,1.065
311,002256,金信行业优选混合发起式,2017-09-13,1.062
312,002256,金信行业优选混合发起式,2017-09-14,1.062
313,002256,金信行业优选混合发起式,2017-09-15,1.059
314,002256,金信行业优选混合发起式,2017-09-18,1.073
315,002256,金信行业优选混合发起式,2017-09-19,1.058
316,002256,金信行业优选混合发起式,2017-09-20,1.064
317,002256,金信行业优选混合发起式,2017-09-21,1.055
318,002256,金信行业优选混合发起式,2017-09-22,1.055
319,002256,金信行业优选混合发起式,2017-09-25,1.032
320,002256,金信行业优选混合发起式,2017-09-26,1.035
321,002256,金信行业优选混合发起式,2017-09-27,1.046
322,002256,金信行业优选混合发起式,2017-09-28,1.045
323,002256,金信行业优选混合发起式,2017-09-29,1.053
324,002256,金信行业优选混合发起式,2017-10-09,1.082
325,002256,金信行业优选混合发起式,2017-10-10,1.086
326,002256,金信行业优选混合发起式,2017-10-11,1.073
327,002256,金信行业优选混合发起式,2017-10-12,1.071
328,002256,金信行业优选混合发起式,2017-10-13,1.077
329,002256,金信行业优选混合发起式,2017-10-16,1.06
330,002256,金信行业优选混合发起式,2017-10-17,1.059
331,002256,金信行业优选混合发起式,2017-10-18,1.053
332,002256,金信行业优选混合发起式,2017-10-19,1.046
333,002256,金信行业优选混合发起式,2017-10-20,1.059
334,002256,金信行业优选混合发起式,2017-10-23,1.068
335,002256,金信行业优选混合发起式,2017-10-24,1.066
336,002256,金信行业优选混合发起式,2017-10-25,1.074
337,002256,金信行业优选混合发起式,2017-10-26,1.082
338,002256,金信行业优选混合发起式,2017-10-27,1.076
339,002256,金信行业优选混合发起式,2017-10-30,1.056
340,002256,金信行业优选混合发起式,2017-10-31,1.06
341,002256,金信行业优选混合发起式,2017-11-01,1.059
342,002256,金信行业优选混合发起式,2017-11-02,1.047
343,002256,金信行业优选混合发起式,2017-11-03,1.037
344,002256,金信行业优选混合发起式,2017-11-06,1.051
345,002256,金信行业优选混合发起式,2017-11-07,1.056
346,002256,金信行业优选混合发起式,2017-11-08,1.059
347,002256,金信行业优选混合发起式,2017-11-09,1.069
348,002256,金信行业优选混合发起式,2017-11-10,1.079
349,002256,金信行业优选混合发起式,2017-11-13,1.091
350,002256,金信行业优选混合发起式,2017-11-14,1.076
351,002256,金信行业优选混合发起式,2017-11-15,1.062
352,002256,金信行业优选混合发起式,2017-11-16,1.056
353,002256,金信行业优选混合发起式,2017-11-17,1.023
354,002256,金信行业优选混合发起式,2017-11-20,1.028
355,002256,金信行业优选混合发起式,2017-11-21,1.033
356,002256,金信行业优选混合发起式,2017-11-22,1.033
357,002256,金信行业优选混合发起式,2017-11-23,1.009
358,002256,金信行业优选混合发起式,2017-11-24,1.006
359,002256,金信行业优选混合发起式,2017-11-27,0.988
360,002256,金信行业优选混合发起式,2017-11-28,1.0
361,002256,金信行业优选混合发起式,2017-11-29,1.01
362,002256,金信行业优选混合发起式,2017-11-30,1.002
363,002256,金信行业优选混合发起式,2017-12-01,1.007
364,002256,金信行业优选混合发起式,2017-12-04,1.0
365,002256,金信行业优选混合发起式,2017-12-05,0.985
366,002256,金信行业优选混合发起式,2017-12-06,0.989
367,002256,金信行业优选混合发起式,2017-12-07,0.982
368,002256,金信行业优选混合发起式,2017-12-08,0.987
369,002256,金信行业优选混合发起式,2017-12-11,0.999
370,002256,金信行业优选混合发起式,2017-12-12,0.991
371,002256,金信行业优选混合发起式,2017-12-13,0.994
372,002256,金信行业优选混合发起式,2017-12-14,0.986
373,002256,金信行业优选混合发起式,2017-12-15,0.977
374,002256,金信行业优选混合发起式,2017-12-18,0.976
375,002256,金信行业优选混合发起式,2017-12-19,0.978
376,002256,金信行业优选混合发起式,2017-12-20,0.96
377,002256,金信行业优选混合发起式,2017-12-21,0.967
378,002256,金信行业优选混合发起式,2017-12-22,0.969
379,002256,金信行业优选混合发起式,2017-12-25,0.958
380,002256,金信行业优选混合发起式,2017-12-26,0.971
381,002256,金信行业优选混合发起式,2017-12-27,0.974
382,002256,金信行业优选混合发起式,2017-12-28,0.982
383,002256,金信行业优选混合发起式,2017-12-29,0.987
384,002256,金信行业优选混合发起式,2018-01-02,1.001
385,002256,金信行业优选混合发起式,2018-01-03,1.012
386,002256,金信行业优选混合发起式,2018-01-04,1.013
387,002256,金信行业优选混合发起式,2018-01-05,1.01
388,002256,金信行业优选混合发起式,2018-01-08,1.019
389,002256,金信行业优选混合发起式,2018-01-09,1.017
390,002256,金信行业优选混合发起式,2018-01-10,1.005
391,002256,金信行业优选混合发起式,2018-01-11,1.006
392,002256,金信行业优选混合发起式,2018-01-12,0.996
393,002256,金信行业优选混合发起式,2018-01-15,0.966
394,002256,金信行业优选混合发起式,2018-01-16,0.966
395,002256,金信行业优选混合发起式,2018-01-17,0.974
396,002256,金信行业优选混合发起式,2018-01-18,0.974
397,002256,金信行业优选混合发起式,2018-01-19,0.984
398,002256,金信行业优选混合发起式,2018-01-22,0.991
399,002256,金信行业优选混合发起式,2018-01-23,1.0
400,002256,金信行业优选混合发起式,2018-01-24,1.006
401,002256,金信行业优选混合发起式,2018-01-25,1.003
402,002256,金信行业优选混合发起式,2018-01-26,0.999
403,002256,金信行业优选混合发起式,2018-01-29,0.977
404,002256,金信行业优选混合发起式,2018-01-30,0.979
405,002256,金信行业优选混合发起式,2018-01-31,0.963
406,002256,金信行业优选混合发起式,2018-02-01,0.931
407,002256,金信行业优选混合发起式,2018-02-02,0.941
408,002256,金信行业优选混合发起式,2018-02-05,0.925
409,002256,金信行业优选混合发起式,2018-02-06,0.875
410,002256,金信行业优选混合发起式,2018-02-07,0.879
411,002256,金信行业优选混合发起式,2018-02-08,0.887
412,002256,金信行业优选混合发起式,2018-02-09,0.861
413,002256,金信行业优选混合发起式,2018-02-12,0.887
414,002256,金信行业优选混合发起式,2018-02-13,0.883
415,002256,金信行业优选混合发起式,2018-02-14,0.886
416,002256,金信行业优选混合发起式,2018-02-22,0.905
417,002256,金信行业优选混合发起式,2018-02-23,0.904
418,002256,金信行业优选混合发起式,2018-02-26,0.934
419,002256,金信行业优选混合发起式,2018-02-27,0.934
420,002256,金信行业优选混合发起式,2018-02-28,0.938
421,002256,金信行业优选混合发起式,2018-03-01,0.951
422,002256,金信行业优选混合发起式,2018-03-02,0.949
423,002256,金信行业优选混合发起式,2018-03-05,0.958
424,002256,金信行业优选混合发起式,2018-03-06,0.972
425,002256,金信行业优选混合发起式,2018-03-07,0.958
426,002256,金信行业优选混合发起式,2018-03-08,0.962
427,002256,金信行业优选混合发起式,2018-03-09,0.98
428,002256,金信行业优选混合发起式,2018-03-12,0.997
429,002256,金信行业优选混合发起式,2018-03-13,0.983
430,002256,金信行业优选混合发起式,2018-03-14,0.977
431,002256,金信行业优选混合发起式,2018-03-15,0.978
432,002256,金信行业优选混合发起式,2018-03-16,0.963
433,002256,金信行业优选混合发起式,2018-03-19,0.966
434,002256,金信行业优选混合发起式,2018-03-20,0.971
435,002256,金信行业优选混合发起式,2018-03-21,0.965
436,002256,金信行业优选混合发起式,2018-03-22,0.956
437,002256,金信行业优选混合发起式,2018-03-23,0.908
438,002256,金信行业优选混合发起式,2018-03-26,0.921
439,002256,金信行业优选混合发起式,2018-03-27,0.94
440,002256,金信行业优选混合发起式,2018-03-28,0.929
441,002256,金信行业优选混合发起式,2018-03-29,0.932
442,002256,金信行业优选混合发起式,2018-03-30,0.948
443,002256,金信行业优选混合发起式,2018-04-02,0.948
444,002256,金信行业优选混合发起式,2018-04-03,0.939
445,002256,金信行业优选混合发起式,2018-04-04,0.925
446,002256,金信行业优选混合发起式,2018-04-09,0.925
447,002256,金信行业优选混合发起式,2018-04-10,0.932
448,002256,金信行业优选混合发起式,2018-04-11,0.94
449,002256,金信行业优选混合发起式,2018-04-12,0.932
450,002256,金信行业优选混合发起式,2018-04-13,0.937
451,002256,金信行业优选混合发起式,2018-04-16,0.932
452,002256,金信行业优选混合发起式,2018-04-17,0.898
453,002256,金信行业优选混合发起式,2018-04-18,0.903
454,002256,金信行业优选混合发起式,2018-04-19,0.895
455,002256,金信行业优选混合发起式,2018-04-20,0.866
456,002256,金信行业优选混合发起式,2018-04-23,0.871
457,002256,金信行业优选混合发起式,2018-04-24,0.896
458,002256,金信行业优选混合发起式,2018-04-25,0.9
459,002256,金信行业优选混合发起式,2018-04-26,0.868
460,002256,金信行业优选混合发起式,2018-04-27,0.878
461,002256,金信行业优选混合发起式,2018-05-02,0.879
462,002256,金信行业优选混合发起式,2018-05-03,0.893
463,002256,金信行业优选混合发起式,2018-05-04,0.897
464,002256,金信行业优选混合发起式,2018-05-07,0.911
465,002256,金信行业优选混合发起式,2018-05-08,0.917
466,002256,金信行业优选混合发起式,2018-05-09,0.914
467,002256,金信行业优选混合发起式,2018-05-10,0.917
468,002256,金信行业优选混合发起式,2018-05-11,0.907
469,002256,金信行业优选混合发起式,2018-05-14,0.916
470,002256,金信行业优选混合发起式,2018-05-15,0.926
471,002256,金信行业优选混合发起式,2018-05-16,0.922
472,002256,金信行业优选混合发起式,2018-05-17,0.912
473,002256,金信行业优选混合发起式,2018-05-18,0.915
474,002256,金信行业优选混合发起式,2018-05-21,0.93
475,002256,金信行业优选混合发起式,2018-05-22,0.935
476,002256,金信行业优选混合发起式,2018-05-23,0.923
477,002256,金信行业优选混合发起式,2018-05-24,0.923
478,002256,金信行业优选混合发起式,2018-05-25,0.912
479,002256,金信行业优选混合发起式,2018-05-28,0.903
480,002256,金信行业优选混合发起式,2018-05-29,0.893
481,002256,金信行业优选混合发起式,2018-05-30,0.865
482,002256,金信行业优选混合发起式,2018-05-31,0.881
483,002256,金信行业优选混合发起式,2018-06-01,0.884
484,002256,金信行业优选混合发起式,2018-06-04,0.885
485,002256,金信行业优选混合发起式,2018-06-05,0.905
486,002256,金信行业优选混合发起式,2018-06-06,0.907
487,002256,金信行业优选混合发起式,2018-06-07,0.902
488,002256,金信行业优选混合发起式,2018-06-08,0.895
489,002256,金信行业优选混合发起式,2018-06-11,0.897
490,002256,金信行业优选混合发起式,2018-06-12,0.904
491,002256,金信行业优选混合发起式,2018-06-13,0.889
492,002256,金信行业优选混合发起式,2018-06-14,0.872
493,002256,金信行业优选混合发起式,2018-06-15,0.871
494,002256,金信行业优选混合发起式,2018-06-19,0.865
495,002256,金信行业优选混合发起式,2018-06-20,0.874
496,002256,金信行业优选混合发起式,2018-06-21,0.868
497,002256,金信行业优选混合发起式,2018-06-22,0.872
498,002256,金信行业优选混合发起式,2018-06-25,0.873
499,002256,金信行业优选混合发起式,2018-06-26,0.875
500,002256,金信行业优选混合发起式,2018-06-27,0.847
501,002256,金信行业优选混合发起式,2018-06-28,0.831
502,002256,金信行业优选混合发起式,2018-06-29,0.858
503,002256,金信行业优选混合发起式,2018-07-02,0.84
504,002256,金信行业优选混合发起式,2018-07-03,0.826
505,002256,金信行业优选混合发起式,2018-07-04,0.802
506,002256,金信行业优选混合发起式,2018-07-05,0.791
507,002256,金信行业优选混合发起式,2018-07-06,0.798
508,002256,金信行业优选混合发起式,2018-07-09,0.827
509,002256,金信行业优选混合发起式,2018-07-10,0.83
510,002256,金信行业优选混合发起式,2018-07-11,0.822
511,002256,金信行业优选混合发起式,2018-07-12,0.845
512,002256,金信行业优选混合发起式,2018-07-13,0.857
513,002256,金信行业优选混合发起式,2018-07-16,0.86
514,002256,金信行业优选混合发起式,2018-07-17,0.845
515,002256,金信行业优选混合发起式,2018-07-18,0.845
516,002256,金信行业优选混合发起式,2018-07-19,0.83
517,002256,金信行业优选混合发起式,2018-07-20,0.831
518,002256,金信行业优选混合发起式,2018-07-23,0.829
519,002256,金信行业优选混合发起式,2018-07-24,0.834
520,002256,金信行业优选混合发起式,2018-07-25,0.838
521,002256,金信行业优选混合发起式,2018-07-26,0.823
522,002256,金信行业优选混合发起式,2018-07-27,0.819
523,002256,金信行业优选混合发起式,2018-07-30,0.81
524,002256,金信行业优选混合发起式,2018-07-31,0.81
525,002256,金信行业优选混合发起式,2018-08-01,0.795
526,002256,金信行业优选混合发起式,2018-08-02,0.782
527,002256,金信行业优选混合发起式,2018-08-03,0.761
528,002256,金信行业优选混合发起式,2018-08-06,0.744
529,002256,金信行业优选混合发起式,2018-08-07,0.768
530,002256,金信行业优选混合发起式,2018-08-08,0.757
531,002256,金信行业优选混合发起式,2018-08-09,0.783
532,002256,金信行业优选混合发起式,2018-08-10,0.792
533,002256,金信行业优选混合发起式,2018-08-13,0.795
534,002256,金信行业优选混合发起式,2018-08-14,0.789
535,002256,金信行业优选混合发起式,2018-08-15,0.761
536,002256,金信行业优选混合发起式,2018-08-16,0.756
537,002256,金信行业优选混合发起式,2018-08-17,0.73
538,002256,金信行业优选混合发起式,2018-08-20,0.729
539,002256,金信行业优选混合发起式,2018-08-21,0.759
540,002256,金信行业优选混合发起式,2018-08-22,0.753
541,002256,金信行业优选混合发起式,2018-08-23,0.759
542,002256,金信行业优选混合发起式,2018-08-24,0.755
543,002256,金信行业优选混合发起式,2018-08-27,0.784
544,002256,金信行业优选混合发起式,2018-08-28,0.786
545,002256,金信行业优选混合发起式,2018-08-29,0.779
546,002256,金信行业优选混合发起式,2018-08-30,0.768
547,002256,金信行业优选混合发起式,2018-08-31,0.75
548,002256,金信行业优选混合发起式,2018-09-03,0.746
549,002256,金信行业优选混合发起式,2018-09-04,0.751
550,002256,金信行业优选混合发起式,2018-09-05,0.736
551,002256,金信行业优选混合发起式,2018-09-06,0.726
552,002256,金信行业优选混合发起式,2018-09-07,0.736
553,002256,金信行业优选混合发起式,2018-09-10,0.721
554,002256,金信行业优选混合发起式,2018-09-11,0.722
555,002256,金信行业优选混合发起式,2018-09-12,0.707
556,002256,金信行业优选混合发起式,2018-09-13,0.711
557,002256,金信行业优选混合发起式,2018-09-14,0.712
558,002256,金信行业优选混合发起式,2018-09-17,0.708
559,002256,金信行业优选混合发起式,2018-09-18,0.717
560,002256,金信行业优选混合发起式,2018-09-19,0.729
561,002256,金信行业优选混合发起式,2018-09-20,0.731
562,002256,金信行业优选混合发起式,2018-09-21,0.747
563,002256,金信行业优选混合发起式,2018-09-25,0.743
564,002256,金信行业优选混合发起式,2018-09-26,0.76
565,002256,金信行业优选混合发起式,2018-09-27,0.755
566,002256,金信行业优选混合发起式,2018-09-28,0.766
567,002256,金信行业优选混合发起式,2018-10-08,0.728
568,002256,金信行业优选混合发起式,2018-10-09,0.73
569,002256,金信行业优选混合发起式,2018-10-10,0.719
570,002256,金信行业优选混合发起式,2018-10-11,0.684
571,002256,金信行业优选混合发起式,2018-10-12,0.7
572,002256,金信行业优选混合发起式,2018-10-15,0.686
573,002256,金信行业优选混合发起式,2018-10-16,0.679
574,002256,金信行业优选混合发起式,2018-10-17,0.683
575,002256,金信行业优选混合发起式,2018-10-18,0.664
576,002256,金信行业优选混合发起式,2018-10-19,0.682
577,002256,金信行业优选混合发起式,2018-10-22,0.717
578,002256,金信行业优选混合发起式,2018-10-23,0.686
579,002256,金信行业优选混合发起式,2018-10-24,0.671
580,002256,金信行业优选混合发起式,2018-10-25,0.663
581,002256,金信行业优选混合发起式,2018-10-26,0.656
582,002256,金信行业优选混合发起式,2018-10-29,0.632
583,002256,金信行业优选混合发起式,2018-10-30,0.635
584,002256,金信行业优选混合发起式,2018-10-31,0.656
585,002256,金信行业优选混合发起式,2018-11-01,0.667
586,002256,金信行业优选混合发起式,2018-11-02,0.706
587,002256,金信行业优选混合发起式,2018-11-05,0.696
588,002256,金信行业优选混合发起式,2018-11-06,0.69
589,002256,金信行业优选混合发起式,2018-11-07,0.688
590,002256,金信行业优选混合发起式,2018-11-08,0.686
591,002256,金信行业优选混合发起式,2018-11-09,0.683
592,002256,金信行业优选混合发起式,2018-11-12,0.695
593,002256,金信行业优选混合发起式,2018-11-13,0.705
594,002256,金信行业优选混合发起式,2018-11-14,0.694
595,002256,金信行业优选混合发起式,2018-11-15,0.698
596,002256,金信行业优选混合发起式,2018-11-16,0.7
597,002256,金信行业优选混合发起式,2018-11-19,0.704
598,002256,金信行业优选混合发起式,2018-11-20,0.687
599,002256,金信行业优选混合发起式,2018-11-21,0.69
600,002256,金信行业优选混合发起式,2018-11-22,0.689
601,002256,金信行业优选混合发起式,2018-11-23,0.672
602,002256,金信行业优选混合发起式,2018-11-26,0.67
603,002256,金信行业优选混合发起式,2018-11-27,0.67
604,002256,金信行业优选混合发起式,2018-11-28,0.676
605,002256,金信行业优选混合发起式,2018-11-29,0.671
606,002256,金信行业优选混合发起式,2018-11-30,0.682
607,002256,金信行业优选混合发起式,2018-12-03,0.708
608,002256,金信行业优选混合发起式,2018-12-04,0.71
609,002256,金信行业优选混合发起式,2018-12-05,0.706
610,002256,金信行业优选混合发起式,2018-12-06,0.684
611,002256,金信行业优选混合发起式,2018-12-07,0.68
612,002256,金信行业优选混合发起式,2018-12-10,0.672
613,002256,金信行业优选混合发起式,2018-12-11,0.68
614,002256,金信行业优选混合发起式,2018-12-12,0.682
615,002256,金信行业优选混合发起式,2018-12-13,0.693
616,002256,金信行业优选混合发起式,2018-12-14,0.68
617,002256,金信行业优选混合发起式,2018-12-17,0.673
618,002256,金信行业优选混合发起式,2018-12-18,0.668
619,002256,金信行业优选混合发起式,2018-12-19,0.655
620,002256,金信行业优选混合发起式,2018-12-20,0.649
621,002256,金信行业优选混合发起式,2018-12-21,0.641
622,002256,金信行业优选混合发起式,2018-12-24,0.647
623,002256,金信行业优选混合发起式,2018-12-25,0.647
624,002256,金信行业优选混合发起式,2018-12-26,0.642
625,002256,金信行业优选混合发起式,2018-12-27,0.639
626,002256,金信行业优选混合发起式,2018-12-28,0.644
627,002256,金信行业优选混合发起式,2019-01-02,0.632
628,002256,金信行业优选混合发起式,2019-01-03,0.623
629,002256,金信行业优选混合发起式,2019-01-04,0.634
630,002256,金信行业优选混合发起式,2019-01-07,0.639
631,002256,金信行业优选混合发起式,2019-01-08,0.638
632,002256,金信行业优选混合发起式,2019-01-09,0.647
633,002256,金信行业优选混合发起式,2019-01-10,0.648
634,002256,金信行业优选混合发起式,2019-01-11,0.653
635,002256,金信行业优选混合发起式,2019-01-14,0.644
636,002256,金信行业优选混合发起式,2019-01-15,0.667
637,002256,金信行业优选混合发起式,2019-01-16,0.67
638,002256,金信行业优选混合发起式,2019-01-17,0.667
639,002256,金信行业优选混合发起式,2019-01-18,0.684
640,002256,金信行业优选混合发起式,2019-01-21,0.693
641,002256,金信行业优选混合发起式,2019-01-22,0.684
642,002256,金信行业优选混合发起式,2019-01-23,0.684
643,002256,金信行业优选混合发起式,2019-01-24,0.687
644,002256,金信行业优选混合发起式,2019-01-25,0.689
645,002256,金信行业优选混合发起式,2019-01-28,0.694
646,002256,金信行业优选混合发起式,2019-01-29,0.698
647,002256,金信行业优选混合发起式,2019-01-30,0.691
648,002256,金信行业优选混合发起式,2019-01-31,0.698
649,002256,金信行业优选混合发起式,2019-02-01,0.715
650,002256,金信行业优选混合发起式,2019-02-11,0.74
651,002256,金信行业优选混合发起式,2019-02-12,0.745
652,002256,金信行业优选混合发起式,2019-02-13,0.757
653,002256,金信行业优选混合发起式,2019-02-14,0.764
654,002256,金信行业优选混合发起式,2019-02-15,0.751
655,002256,金信行业优选混合发起式,2019-02-18,0.778
656,002256,金信行业优选混合发起式,2019-02-19,0.775
657,002256,金信行业优选混合发起式,2019-02-20,0.772
658,002256,金信行业优选混合发起式,2019-02-21,0.768
659,002256,金信行业优选混合发起式,2019-02-22,0.78
660,002256,金信行业优选混合发起式,2019-02-25,0.815
661,002256,金信行业优选混合发起式,2019-02-26,0.799
662,002256,金信行业优选混合发起式,2019-02-27,0.796
663,002256,金信行业优选混合发起式,2019-02-28,0.819
664,002256,金信行业优选混合发起式,2019-03-01,0.836
665,002256,金信行业优选混合发起式,2019-03-04,0.844
666,002256,金信行业优选混合发起式,2019-03-05,0.844
667,002256,金信行业优选混合发起式,2019-03-06,0.839
668,002256,金信行业优选混合发起式,2019-03-07,0.82
669,002256,金信行业优选混合发起式,2019-03-08,0.804
670,002256,金信行业优选混合发起式,2019-03-11,0.838
671,002256,金信行业优选混合发起式,2019-03-12,0.839
672,002256,金信行业优选混合发起式,2019-03-13,0.833
673,002256,金信行业优选混合发起式,2019-03-14,0.831
674,002256,金信行业优选混合发起式,2019-03-15,0.849
675,002256,金信行业优选混合发起式,2019-03-18,0.884
676,002256,金信行业优选混合发起式,2019-03-19,0.876
677,002256,金信行业优选混合发起式,2019-03-20,0.87
678,002256,金信行业优选混合发起式,2019-03-21,0.865
679,002256,金信行业优选混合发起式,2019-03-22,0.867
680,002256,金信行业优选混合发起式,2019-03-25,0.853
681,002256,金信行业优选混合发起式,2019-03-26,0.842
682,002256,金信行业优选混合发起式,2019-03-27,0.871
683,002256,金信行业优选混合发起式,2019-03-28,0.86
684,002256,金信行业优选混合发起式,2019-03-29,0.86
685,002256,金信行业优选混合发起式,2019-04-01,0.86
686,002256,金信行业优选混合发起式,2019-04-02,0.86
687,002256,金信行业优选混合发起式,2019-04-03,0.86
688,002256,金信行业优选混合发起式,2019-04-04,0.86
689,002256,金信行业优选混合发起式,2019-04-08,0.861
690,002256,金信行业优选混合发起式,2019-04-09,0.865
691,002256,金信行业优选混合发起式,2019-04-10,0.87
692,002256,金信行业优选混合发起式,2019-04-11,0.852
693,002256,金信行业优选混合发起式,2019-04-12,0.852
694,002256,金信行业优选混合发起式,2019-04-15,0.841
695,002256,金信行业优选混合发起式,2019-04-16,0.856
696,002256,金信行业优选混合发起式,2019-04-17,0.862
697,002256,金信行业优选混合发起式,2019-04-18,0.855
698,002256,金信行业优选混合发起式,2019-04-19,0.865
699,002256,金信行业优选混合发起式,2019-04-22,0.864
700,002256,金信行业优选混合发起式,2019-04-23,0.861
701,002256,金信行业优选混合发起式,2019-04-24,0.862
702,002256,金信行业优选混合发起式,2019-04-25,0.852
703,002256,金信行业优选混合发起式,2019-04-26,0.849
704,002256,金信行业优选混合发起式,2019-04-29,0.861
705,002256,金信行业优选混合发起式,2019-04-30,0.864
706,002256,金信行业优选混合发起式,2019-05-06,0.808
707,002256,金信行业优选混合发起式,2019-05-07,0.832
708,002256,金信行业优选混合发起式,2019-05-08,0.825
709,002256,金信行业优选混合发起式,2019-05-09,0.804
710,002256,金信行业优选混合发起式,2019-05-10,0.831
711,002256,金信行业优选混合发起式,2019-05-13,0.835
712,002256,金信行业优选混合发起式,2019-05-14,0.824
713,002256,金信行业优选混合发起式,2019-05-15,0.848
714,002256,金信行业优选混合发起式,2019-05-16,0.852
715,002256,金信行业优选混合发起式,2019-05-17,0.833
716,002256,金信行业优选混合发起式,2019-05-20,0.824
717,002256,金信行业优选混合发起式,2019-05-21,0.831
718,002256,金信行业优选混合发起式,2019-05-22,0.825
719,002256,金信行业优选混合发起式,2019-05-23,0.799
720,002256,金信行业优选混合发起式,2019-05-24,0.803
721,002256,金信行业优选混合发起式,2019-05-27,0.809
722,002256,金信行业优选混合发起式,2019-05-28,0.824
723,002256,金信行业优选混合发起式,2019-05-29,0.822
724,002256,金信行业优选混合发起式,2019-05-30,0.819
725,002256,金信行业优选混合发起式,2019-05-31,0.818
726,002256,金信行业优选混合发起式,2019-06-03,0.817
727,002256,金信行业优选混合发起式,2019-06-04,0.812
728,002256,金信行业优选混合发起式,2019-06-05,0.809
729,002256,金信行业优选混合发起式,2019-06-06,0.803
730,002256,金信行业优选混合发起式,2019-06-10,0.817
731,002256,金信行业优选混合发起式,2019-06-11,0.845
732,002256,金信行业优选混合发起式,2019-06-12,0.84
733,002256,金信行业优选混合发起式,2019-06-13,0.838
734,002256,金信行业优选混合发起式,2019-06-14,0.829
735,002256,金信行业优选混合发起式,2019-06-17,0.829
736,002256,金信行业优选混合发起式,2019-06-18,0.834
737,002256,金信行业优选混合发起式,2019-06-19,0.842
738,002256,金信行业优选混合发起式,2019-06-20,0.865
739,002256,金信行业优选混合发起式,2019-06-21,0.863
740,002256,金信行业优选混合发起式,2019-06-24,0.869
741,002256,金信行业优选混合发起式,2019-06-25,0.865
742,002256,金信行业优选混合发起式,2019-06-26,0.87
743,002256,金信行业优选混合发起式,2019-06-27,0.875
744,002256,金信行业优选混合发起式,2019-06-28,0.87
745,002256,金信行业优选混合发起式,2019-07-01,0.905
746,002256,金信行业优选混合发起式,2019-07-02,0.918
747,002256,金信行业优选混合发起式,2019-07-03,0.899
748,002256,金信行业优选混合发起式,2019-07-04,0.887
749,002256,金信行业优选混合发起式,2019-07-05,0.901
750,002256,金信行业优选混合发起式,2019-07-08,0.884
751,002256,金信行业优选混合发起式,2019-07-09,0.88
752,002256,金信行业优选混合发起式,2019-07-10,0.883
753,002256,金信行业优选混合发起式,2019-07-11,0.882
754,002256,金信行业优选混合发起式,2019-07-12,0.884
755,002256,金信行业优选混合发起式,2019-07-15,0.886
756,002256,金信行业优选混合发起式,2019-07-16,0.87
757,002256,金信行业优选混合发起式,2019-07-17,0.869
758,002256,金信行业优选混合发起式,2019-07-18,0.86
759,002256,金信行业优选混合发起式,2019-07-19,0.865
760,002256,金信行业优选混合发起式,2019-07-22,0.868
761,002256,金信行业优选混合发起式,2019-07-23,0.874
762,002256,金信行业优选混合发起式,2019-07-24,0.88
763,002256,金信行业优选混合发起式,2019-07-25,0.883
764,002256,金信行业优选混合发起式,2019-07-26,0.888
765,002256,金信行业优选混合发起式,2019-07-29,0.887
766,002256,金信行业优选混合发起式,2019-07-30,0.887
767,002256,金信行业优选混合发起式,2019-07-31,0.883
768,002256,金信行业优选混合发起式,2019-08-01,0.876
769,002256,金信行业优选混合发起式,2019-08-02,0.878
770,002256,金信行业优选混合发起式,2019-08-05,0.864
771,002256,金信行业优选混合发起式,2019-08-06,0.86
772,002256,金信行业优选混合发起式,2019-08-07,0.855
773,002256,金信行业优选混合发起式,2019-08-08,0.87
774,002256,金信行业优选混合发起式,2019-08-09,0.864
775,002256,金信行业优选混合发起式,2019-08-12,0.876
776,002256,金信行业优选混合发起式,2019-08-13,0.874
777,002256,金信行业优选混合发起式,2019-08-14,0.89
778,002256,金信行业优选混合发起式,2019-08-15,0.892
779,002256,金信行业优选混合发起式,2019-08-16,0.896
780,002256,金信行业优选混合发起式,2019-08-19,0.908
781,002256,金信行业优选混合发起式,2019-08-20,0.913
782,002256,金信行业优选混合发起式,2019-08-21,0.916
783,002256,金信行业优选混合发起式,2019-08-22,0.926
784,002256,金信行业优选混合发起式,2019-08-23,0.94
785,002256,金信行业优选混合发起式,2019-08-26,0.929
786,002256,金信行业优选混合发起式,2019-08-27,0.938
787,002256,金信行业优选混合发起式,2019-08-28,0.935
788,002256,金信行业优选混合发起式,2019-08-29,0.939
789,002256,金信行业优选混合发起式,2019-08-30,0.939
790,002256,金信行业优选混合发起式,2019-09-02,0.95
791,002256,金信行业优选混合发起式,2019-09-03,0.947
792,002256,金信行业优选混合发起式,2019-09-04,0.946
793,002256,金信行业优选混合发起式,2019-09-05,0.951
794,002256,金信行业优选混合发起式,2019-09-06,0.952
795,002256,金信行业优选混合发起式,2019-09-09,0.96
796,002256,金信行业优选混合发起式,2019-09-10,0.958
797,002256,金信行业优选混合发起式,2019-09-11,0.946
798,002256,金信行业优选混合发起式,2019-09-12,0.951
799,002256,金信行业优选混合发起式,2019-09-16,0.951
800,002256,金信行业优选混合发起式,2019-09-17,0.942
801,002256,金信行业优选混合发起式,2019-09-18,0.956
802,002256,金信行业优选混合发起式,2019-09-19,0.961
803,002256,金信行业优选混合发起式,2019-09-20,0.967
804,002256,金信行业优选混合发起式,2019-09-23,0.955
805,002256,金信行业优选混合发起式,2019-09-24,0.968
806,002256,金信行业优选混合发起式,2019-09-25,0.959
807,002256,金信行业优选混合发起式,2019-09-26,0.953
808,002256,金信行业优选混合发起式,2019-09-27,0.956
809,002256,金信行业优选混合发起式,2019-09-30,0.952
810,002256,金信行业优选混合发起式,2019-10-08,0.962
811,002256,金信行业优选混合发起式,2019-10-09,0.961
812,002256,金信行业优选混合发起式,2019-10-10,0.977
813,002256,金信行业优选混合发起式,2019-10-11,0.985
814,002256,金信行业优选混合发起式,2019-10-14,0.997
815,002256,金信行业优选混合发起式,2019-10-15,1.008
816,002256,金信行业优选混合发起式,2019-10-16,1.005
817,002256,金信行业优选混合发起式,2019-10-17,1.004
818,002256,金信行业优选混合发起式,2019-10-18,0.999
819,002256,金信行业优选混合发起式,2019-10-21,0.991
820,002256,金信行业优选混合发起式,2019-10-22,1.0
821,002256,金信行业优选混合发起式,2019-10-23,0.989
822,002256,金信行业优选混合发起式,2019-10-24,0.986
823,002256,金信行业优选混合发起式,2019-10-25,1.0
824,002256,金信行业优选混合发起式,2019-10-28,1.017
825,002256,金信行业优选混合发起式,2019-10-29,1.024
826,002256,金信行业优选混合发起式,2019-10-30,1.017
827,002256,金信行业优选混合发起式,2019-10-31,1.024
828,002256,金信行业优选混合发起式,2019-11-01,1.056
829,002256,金信行业优选混合发起式,2019-11-04,1.066
830,002256,金信行业优选混合发起式,2019-11-05,1.066
831,002256,金信行业优选混合发起式,2019-11-06,1.062
832,002256,金信行业优选混合发起式,2019-11-07,1.068
833,002256,金信行业优选混合发起式,2019-11-08,1.064
834,002256,金信行业优选混合发起式,2019-11-11,1.047
835,002256,金信行业优选混合发起式,2019-11-12,1.047
836,002256,金信行业优选混合发起式,2019-11-13,1.065
837,002256,金信行业优选混合发起式,2019-11-14,1.071
838,002256,金信行业优选混合发起式,2019-11-15,1.063
839,002256,金信行业优选混合发起式,2019-11-18,1.063
840,002256,金信行业优选混合发起式,2019-11-19,1.082
841,002256,金信行业优选混合发起式,2019-11-20,1.077
842,002256,金信行业优选混合发起式,2019-11-21,1.056
843,002256,金信行业优选混合发起式,2019-11-22,1.021
844,002256,金信行业优选混合发起式,2019-11-25,1.012
845,002256,金信行业优选混合发起式,2019-11-26,1.026
846,002256,金信行业优选混合发起式,2019-11-27,1.013
847,002256,金信行业优选混合发起式,2019-11-28,1.013
848,002256,金信行业优选混合发起式,2019-11-29,0.995
849,002256,金信行业优选混合发起式,2019-12-02,0.984
850,002256,金信行业优选混合发起式,2019-12-03,0.988
851,002256,金信行业优选混合发起式,2019-12-04,0.999
852,002256,金信行业优选混合发起式,2019-12-05,1.007
853,002256,金信行业优选混合发起式,2019-12-06,1.023
854,002256,金信行业优选混合发起式,2019-12-09,1.013
855,002256,金信行业优选混合发起式,2019-12-10,1.018
856,002256,金信行业优选混合发起式,2019-12-11,1.015
857,002256,金信行业优选混合发起式,2019-12-12,1.011
858,002256,金信行业优选混合发起式,2019-12-13,1.025
859,002256,金信行业优选混合发起式,2019-12-16,1.026
860,002256,金信行业优选混合发起式,2019-12-17,1.029
861,002256,金信行业优选混合发起式,2019-12-18,1.02
862,002256,金信行业优选混合发起式,2019-12-19,1.013
863,002256,金信行业优选混合发起式,2019-12-20,1.005
864,002256,金信行业优选混合发起式,2019-12-23,0.997
865,002256,金信行业优选混合发起式,2019-12-24,0.999
866,002256,金信行业优选混合发起式,2019-12-25,0.999
867,002256,金信行业优选混合发起式,2019-12-26,1.002
868,002256,金信行业优选混合发起式,2019-12-27,0.996
869,002256,金信行业优选混合发起式,2019-12-30,1.006
870,002256,金信行业优选混合发起式,2019-12-31,1.018
871,002256,金信行业优选混合发起式,2020-01-02,1.02
872,002256,金信行业优选混合发起式,2020-01-03,1.009
873,002256,金信行业优选混合发起式,2020-01-06,1.002
874,002256,金信行业优选混合发起式,2020-01-07,1.016
875,002256,金信行业优选混合发起式,2020-01-08,1.015
876,002256,金信行业优选混合发起式,2020-01-09,1.042
877,002256,金信行业优选混合发起式,2020-01-10,1.049
878,002256,金信行业优选混合发起式,2020-01-13,1.057
879,002256,金信行业优选混合发起式,2020-01-14,1.043
880,002256,金信行业优选混合发起式,2020-01-15,1.051
881,002256,金信行业优选混合发起式,2020-01-16,1.065
882,002256,金信行业优选混合发起式,2020-01-17,1.079
883,002256,金信行业优选混合发起式,2020-01-20,1.084
884,002256,金信行业优选混合发起式,2020-01-21,1.071
885,002256,金信行业优选混合发起式,2020-01-22,1.075
886,002256,金信行业优选混合发起式,2020-01-23,1.047
887,002256,金信行业优选混合发起式,2020-02-03,0.983
888,002256,金信行业优选混合发起式,2020-02-04,1.03
889,002256,金信行业优选混合发起式,2020-02-05,1.047
890,002256,金信行业优选混合发起式,2020-02-06,1.082
891,002256,金信行业优选混合发起式,2020-02-07,1.084
892,002256,金信行业优选混合发起式,2020-02-10,1.077
893,002256,金信行业优选混合发起式,2020-02-11,1.083
894,002256,金信行业优选混合发起式,2020-02-12,1.092
895,002256,金信行业优选混合发起式,2020-02-13,1.075
896,002256,金信行业优选混合发起式,2020-02-14,1.072
897,002256,金信行业优选混合发起式,2020-02-17,1.102
898,002256,金信行业优选混合发起式,2020-02-18,1.11
899,002256,金信行业优选混合发起式,2020-02-19,1.106
900,002256,金信行业优选混合发起式,2020-02-20,1.126
901,002256,金信行业优选混合发起式,2020-02-21,1.129
902,002256,金信行业优选混合发起式,2020-02-24,1.128
903,002256,金信行业优选混合发起式,2020-02-25,1.139
904,002256,金信行业优选混合发起式,2020-02-26,1.106
905,002256,金信行业优选混合发起式,2020-02-27,1.121
906,002256,金信行业优选混合发起式,2020-02-28,1.084
907,002256,金信行业优选混合发起式,2020-03-02,1.112
908,002256,金信行业优选混合发起式,2020-03-03,1.126
909,002256,金信行业优选混合发起式,2020-03-04,1.133
910,002256,金信行业优选混合发起式,2020-03-05,1.164
911,002256,金信行业优选混合发起式,2020-03-06,1.16
912,002256,金信行业优选混合发起式,2020-03-09,1.118
913,002256,金信行业优选混合发起式,2020-03-10,1.141
914,002256,金信行业优选混合发起式,2020-03-11,1.128
915,002256,金信行业优选混合发起式,2020-03-12,1.099
916,002256,金信行业优选混合发起式,2020-03-13,1.089
917,002256,金信行业优选混合发起式,2020-03-16,1.039
918,002256,金信行业优选混合发起式,2020-03-17,1.035
919,002256,金信行业优选混合发起式,2020-03-18,1.03
920,002256,金信行业优选混合发起式,2020-03-19,1.017
921,002256,金信行业优选混合发起式,2020-03-20,1.037
922,002256,金信行业优选混合发起式,2020-03-23,1.001
923,002256,金信行业优选混合发起式,2020-03-24,1.031
924,002256,金信行业优选混合发起式,2020-03-25,1.06
925,002256,金信行业优选混合发起式,2020-03-26,1.061
926,002256,金信行业优选混合发起式,2020-03-27,1.058
927,002256,金信行业优选混合发起式,2020-03-30,1.031
928,002256,金信行业优选混合发起式,2020-03-31,1.053
929,002256,金信行业优选混合发起式,2020-04-01,1.048
930,002256,金信行业优选混合发起式,2020-04-02,1.064
931,002256,金信行业优选混合发起式,2020-04-03,1.061
932,002256,金信行业优选混合发起式,2020-04-07,1.089
933,002256,金信行业优选混合发起式,2020-04-08,1.081
934,002256,金信行业优选混合发起式,2020-04-09,1.11
935,002256,金信行业优选混合发起式,2020-04-10,1.101
936,002256,金信行业优选混合发起式,2020-04-13,1.097
937,002256,金信行业优选混合发起式,2020-04-14,1.113
938,002256,金信行业优选混合发起式,2020-04-15,1.096
939,002256,金信行业优选混合发起式,2020-04-16,1.109
940,002256,金信行业优选混合发起式,2020-04-17,1.113
941,002256,金信行业优选混合发起式,2020-04-20,1.119
942,002256,金信行业优选混合发起式,2020-04-21,1.102
943,002256,金信行业优选混合发起式,2020-04-22,1.126
944,002256,金信行业优选混合发起式,2020-04-23,1.128
945,002256,金信行业优选混合发起式,2020-04-24,1.125
946,002256,金信行业优选混合发起式,2020-04-27,1.131
947,002256,金信行业优选混合发起式,2020-04-28,1.145
948,002256,金信行业优选混合发起式,2020-04-29,1.129
949,002256,金信行业优选混合发起式,2020-04-30,1.138
950,002256,金信行业优选混合发起式,2020-05-06,1.152
951,002256,金信行业优选混合发起式,2020-05-07,1.162
952,002256,金信行业优选混合发起式,2020-05-08,1.174
953,002256,金信行业优选混合发起式,2020-05-11,1.165
954,002256,金信行业优选混合发起式,2020-05-12,1.192
955,002256,金信行业优选混合发起式,2020-05-13,1.223
956,002256,金信行业优选混合发起式,2020-05-14,1.221
957,002256,金信行业优选混合发起式,2020-05-15,1.205
958,002256,金信行业优选混合发起式,2020-05-18,1.224
959,002256,金信行业优选混合发起式,2020-05-19,1.232
960,002256,金信行业优选混合发起式,2020-05-20,1.216
961,002256,金信行业优选混合发起式,2020-05-21,1.223
962,002256,金信行业优选混合发起式,2020-05-22,1.196
963,002256,金信行业优选混合发起式,2020-05-25,1.212
964,002256,金信行业优选混合发起式,2020-05-26,1.237
965,002256,金信行业优选混合发起式,2020-05-27,1.223
966,002256,金信行业优选混合发起式,2020-05-28,1.228
967,002256,金信行业优选混合发起式,2020-05-29,1.268
968,002256,金信行业优选混合发起式,2020-06-01,1.291
969,002256,金信行业优选混合发起式,2020-06-02,1.27
970,002256,金信行业优选混合发起式,2020-06-03,1.261
971,002256,金信行业优选混合发起式,2020-06-04,1.277
972,002256,金信行业优选混合发起式,2020-06-05,1.282
973,002256,金信行业优选混合发起式,2020-06-08,1.252
974,002256,金信行业优选混合发起式,2020-06-09,1.273
975,002256,金信行业优选混合发起式,2020-06-10,1.281
976,002256,金信行业优选混合发起式,2020-06-11,1.278
977,002256,金信行业优选混合发起式,2020-06-12,1.292
978,002256,金信行业优选混合发起式,2020-06-15,1.276
979,002256,金信行业优选混合发起式,2020-06-16,1.305
980,002256,金信行业优选混合发起式,2020-06-17,1.313
981,002256,金信行业优选混合发起式,2020-06-18,1.309
982,002256,金信行业优选混合发起式,2020-06-19,1.347
983,002256,金信行业优选混合发起式,2020-06-22,1.336
984,002256,金信行业优选混合发起式,2020-06-23,1.361
985,002256,金信行业优选混合发起式,2020-06-24,1.354
986,002256,金信行业优选混合发起式,2020-06-29,1.357
987,002256,金信行业优选混合发起式,2020-06-30,1.38
988,002256,金信行业优选混合发起式,2020-07-01,1.394
989,002256,金信行业优选混合发起式,2020-07-02,1.397
990,002256,金信行业优选混合发起式,2020-07-03,1.394
991,002256,金信行业优选混合发起式,2020-07-06,1.405
992,002256,金信行业优选混合发起式,2020-07-07,1.455
993,002256,金信行业优选混合发起式,2020-07-08,1.458
994,002256,金信行业优选混合发起式,2020-07-09,1.494
995,002256,金信行业优选混合发起式,2020-07-10,1.515
996,002256,金信行业优选混合发起式,2020-07-13,1.571
997,002256,金信行业优选混合发起式,2020-07-14,1.556
998,002256,金信行业优选混合发起式,2020-07-15,1.569
999,002256,金信行业优选混合发起式,2020-07-16,1.474
1000,002256,金信行业优选混合发起式,2020-07-17,1.496
1001,002256,金信行业优选混合发起式,2020-07-20,1.488
1002,002256,金信行业优选混合发起式,2020-07-21,1.543
1003,002256,金信行业优选混合发起式,2020-07-22,1.555
1004,002256,金信行业优选混合发起式,2020-07-23,1.561
1005,002256,金信行业优选混合发起式,2020-07-24,1.477
1006,002256,金信行业优选混合发起式,2020-07-27,1.485
1007,002256,金信行业优选混合发起式,2020-07-28,1.504
1008,002256,金信行业优选混合发起式,2020-07-29,1.538
1009,002256,金信行业优选混合发起式,2020-07-30,1.524
1010,002256,金信行业优选混合发起式,2020-07-31,1.54
1011,002256,金信行业优选混合发起式,2020-08-03,1.557
1012,002256,金信行业优选混合发起式,2020-08-04,1.556
1013,002256,金信行业优选混合发起式,2020-08-05,1.569
1014,002256,金信行业优选混合发起式,2020-08-06,1.557
1015,002256,金信行业优选混合发起式,2020-08-07,1.535
1016,002256,金信行业优选混合发起式,2020-08-10,1.543
1017,002256,金信行业优选混合发起式,2020-08-11,1.541
1018,002256,金信行业优选混合发起式,2020-08-12,1.508
1019,002256,金信行业优选混合发起式,2020-08-13,1.494
1020,002256,金信行业优选混合发起式,2020-08-14,1.512
1021,002256,金信行业优选混合发起式,2020-08-17,1.535
1022,002256,金信行业优选混合发起式,2020-08-18,1.549
1023,002256,金信行业优选混合发起式,2020-08-19,1.519
1024,002256,金信行业优选混合发起式,2020-08-20,1.495
1025,002256,金信行业优选混合发起式,2020-08-21,1.514
1026,002256,金信行业优选混合发起式,2020-08-24,1.534
1027,002256,金信行业优选混合发起式,2020-08-25,1.553
1028,002256,金信行业优选混合发起式,2020-08-26,1.555
1029,002256,金信行业优选混合发起式,2020-08-27,1.575
1030,002256,金信行业优选混合发起式,2020-08-28,1.616
1031,002256,金信行业优选混合发起式,2020-08-31,1.61
1032,002256,金信行业优选混合发起式,2020-09-01,1.609
1033,002256,金信行业优选混合发起式,2020-09-02,1.623
1034,002256,金信行业优选混合发起式,2020-09-03,1.616
1035,002256,金信行业优选混合发起式,2020-09-04,1.585
1036,002256,金信行业优选混合发起式,2020-09-07,1.542
1037,002256,金信行业优选混合发起式,2020-09-08,1.532
1038,002256,金信行业优选混合发起式,2020-09-09,1.5
1039,002256,金信行业优选混合发起式,2020-09-10,1.502
1040,002256,金信行业优选混合发起式,2020-09-11,1.515
1041,002256,金信行业优选混合发起式,2020-09-14,1.511
1042,002256,金信行业优选混合发起式,2020-09-15,1.521
1043,002256,金信行业优选混合发起式,2020-09-16,1.497
1044,002256,金信行业优选混合发起式,2020-09-17,1.477
1045,002256,金信行业优选混合发起式,2020-09-18,1.481
1046,002256,金信行业优选混合发起式,2020-09-21,1.467
1047,002256,金信行业优选混合发起式,2020-09-22,1.46
1048,002256,金信行业优选混合发起式,2020-09-23,1.488
1049,002256,金信行业优选混合发起式,2020-09-24,1.464
1050,002256,金信行业优选混合发起式,2020-09-25,1.466
1051,002256,金信行业优选混合发起式,2020-09-28,1.471
1052,002256,金信行业优选混合发起式,2020-09-29,1.489
1053,002256,金信行业优选混合发起式,2020-09-30,1.506
1054,002256,金信行业优选混合发起式,2020-10-09,1.537
1055,002256,金信行业优选混合发起式,2020-10-12,1.583
1056,002256,金信行业优选混合发起式,2020-10-13,1.608
1057,002256,金信行业优选混合发起式,2020-10-14,1.606
1058,002256,金信行业优选混合发起式,2020-10-15,1.604
1059,002256,金信行业优选混合发起式,2020-10-16,1.598
1060,002256,金信行业优选混合发起式,2020-10-19,1.569
1061,002256,金信行业优选混合发起式,2020-10-20,1.597
1062,002256,金信行业优选混合发起式,2020-10-21,1.59
1063,002256,金信行业优选混合发起式,2020-10-22,1.586
1064,002256,金信行业优选混合发起式,2020-10-23,1.553
1065,002256,金信行业优选混合发起式,2020-10-26,1.554
1066,002256,金信行业优选混合发起式,2020-10-27,1.582
1067,002256,金信行业优选混合发起式,2020-10-28,1.607
1068,002256,金信行业优选混合发起式,2020-10-29,1.619
1069,002256,金信行业优选混合发起式,2020-10-30,1.609
1070,002256,金信行业优选混合发起式,2020-11-02,1.641
1071,002256,金信行业优选混合发起式,2020-11-03,1.648
1072,002256,金信行业优选混合发起式,2020-11-04,1.661
1073,002256,金信行业优选混合发起式,2020-11-05,1.661
1074,002256,金信行业优选混合发起式,2020-11-06,1.64
1075,002256,金信行业优选混合发起式,2020-11-09,1.689
1076,002256,金信行业优选混合发起式,2020-11-10,1.68
1077,002256,金信行业优选混合发起式,2020-11-11,1.632
1078,002256,金信行业优选混合发起式,2020-11-12,1.65
1079,002256,金信行业优选混合发起式,2020-11-13,1.652
1080,002256,金信行业优选混合发起式,2020-11-16,1.658
1081,002256,金信行业优选混合发起式,2020-11-17,1.623
1082,002256,金信行业优选混合发起式,2020-11-18,1.589
1083,002256,金信行业优选混合发起式,2020-11-19,1.592
1084,002256,金信行业优选混合发起式,2020-11-20,1.597
1085,002256,金信行业优选混合发起式,2020-11-23,1.61
1086,002256,金信行业优选混合发起式,2020-11-24,1.616
1087,002256,金信行业优选混合发起式,2020-11-25,1.594
1088,002256,金信行业优选混合发起式,2020-11-26,1.583
1089,002256,金信行业优选混合发起式,2020-11-27,1.595
1090,002256,金信行业优选混合发起式,2020-11-30,1.601
1091,002256,金信行业优选混合发起式,2020-12-01,1.637
1092,002256,金信行业优选混合发起式,2020-12-02,1.655
1093,002256,金信行业优选混合发起式,2020-12-03,1.658
1094,002256,金信行业优选混合发起式,2020-12-04,1.685
1095,002256,金信行业优选混合发起式,2020-12-07,1.699
1096,002256,金信行业优选混合发起式,2020-12-08,1.714
1097,002256,金信行业优选混合发起式,2020-12-09,1.679
1098,002256,金信行业优选混合发起式,2020-12-10,1.714
1099,002256,金信行业优选混合发起式,2020-12-11,1.715
1100,002256,金信行业优选混合发起式,2020-12-14,1.766
1101,002256,金信行业优选混合发起式,2020-12-15,1.745
1102,002256,金信行业优选混合发起式,2020-12-16,1.747
1103,002256,金信行业优选混合发起式,2020-12-17,1.776
1104,002256,金信行业优选混合发起式,2020-12-18,1.772
1105,002256,金信行业优选混合发起式,2020-12-21,1.811
1106,002256,金信行业优选混合发起式,2020-12-22,1.775
1107,002256,金信行业优选混合发起式,2020-12-23,1.794
1108,002256,金信行业优选混合发起式,2020-12-24,1.796
1109,002256,金信行业优选混合发起式,2020-12-25,1.78
1110,002256,金信行业优选混合发起式,2020-12-28,1.778
1111,002256,金信行业优选混合发起式,2020-12-29,1.767
1112,002256,金信行业优选混合发起式,2020-12-30,1.809
1113,002256,金信行业优选混合发起式,2020-12-31,1.823
1114,002256,金信行业优选混合发起式,2021-01-04,1.852
1115,002256,金信行业优选混合发起式,2021-01-05,1.905
1116,002256,金信行业优选混合发起式,2021-01-06,1.896
1117,002256,金信行业优选混合发起式,2021-01-07,1.917
1118,002256,金信行业优选混合发起式,2021-01-08,1.897
1119,002256,金信行业优选混合发起式,2021-01-11,1.877
1120,002256,金信行业优选混合发起式,2021-01-12,1.931
1121,002256,金信行业优选混合发起式,2021-01-13,1.924
1122,002256,金信行业优选混合发起式,2021-01-14,1.899
1123,002256,金信行业优选混合发起式,2021-01-15,1.902
1124,002256,金信行业优选混合发起式,2021-01-18,1.987
1125,002256,金信行业优选混合发起式,2021-01-19,1.94
1126,002256,金信行业优选混合发起式,2021-01-20,2.0
1127,002256,金信行业优选混合发起式,2021-01-21,2.026
1128,002256,金信行业优选混合发起式,2021-01-22,2.032
1129,002256,金信行业优选混合发起式,2021-01-25,2.021
1130,002256,金信行业优选混合发起式,2021-01-26,1.976
1131,002256,金信行业优选混合发起式,2021-01-27,1.963
1132,002256,金信行业优选混合发起式,2021-01-28,1.872
1133,002256,金信行业优选混合发起式,2021-01-29,1.869
1134,002256,金信行业优选混合发起式,2021-02-01,1.866
1135,002256,金信行业优选混合发起式,2021-02-02,1.898
1136,002256,金信行业优选混合发起式,2021-02-03,1.852
1137,002256,金信行业优选混合发起式,2021-02-04,1.871
1138,002256,金信行业优选混合发起式,2021-02-05,1.84
1139,002256,金信行业优选混合发起式,2021-02-08,1.904
1140,002256,金信行业优选混合发起式,2021-02-09,1.937
1141,002256,金信行业优选混合发起式,2021-02-10,1.961
1142,002256,金信行业优选混合发起式,2021-02-18,1.964
1143,002256,金信行业优选混合发起式,2021-02-19,1.962
1144,002256,金信行业优选混合发起式,2021-02-22,1.865
1145,002256,金信行业优选混合发起式,2021-02-23,1.85
1146,002256,金信行业优选混合发起式,2021-02-24,1.827
1147,002256,金信行业优选混合发起式,2021-02-25,1.818
1148,002256,金信行业优选混合发起式,2021-02-26,1.76
1149,002256,金信行业优选混合发起式,2021-03-01,1.826
1150,002256,金信行业优选混合发起式,2021-03-02,1.85
1151,002256,金信行业优选混合发起式,2021-03-03,1.833
1152,002256,金信行业优选混合发起式,2021-03-04,1.745
1153,002256,金信行业优选混合发起式,2021-03-05,1.732
1154,002256,金信行业优选混合发起式,2021-03-08,1.611
1155,002256,金信行业优选混合发起式,2021-03-09,1.545
1156,002256,金信行业优选混合发起式,2021-03-10,1.576
1157,002256,金信行业优选混合发起式,2021-03-11,1.645
1158,002256,金信行业优选混合发起式,2021-03-12,1.641
1159,002256,金信行业优选混合发起式,2021-03-15,1.561
1160,002256,金信行业优选混合发起式,2021-03-16,1.563
1161,002256,金信行业优选混合发起式,2021-03-17,1.599
1162,002256,金信行业优选混合发起式,2021-03-18,1.605
1163,002256,金信行业优选混合发起式,2021-03-19,1.585
1164,002256,金信行业优选混合发起式,2021-03-22,1.603
1165,002256,金信行业优选混合发起式,2021-03-23,1.588
1166,002256,金信行业优选混合发起式,2021-03-24,1.556
1167,002256,金信行业优选混合发起式,2021-03-25,1.568
1168,002256,金信行业优选混合发起式,2021-03-26,1.608
1169,002256,金信行业优选混合发起式,2021-03-29,1.611
1170,002256,金信行业优选混合发起式,2021-03-30,1.621
1171,002256,金信行业优选混合发起式,2021-03-31,1.613
1172,002256,金信行业优选混合发起式,2021-04-01,1.675
1173,002256,金信行业优选混合发起式,2021-04-02,1.735
1174,002256,金信行业优选混合发起式,2021-04-06,1.735
1175,002256,金信行业优选混合发起式,2021-04-07,1.731
1176,002256,金信行业优选混合发起式,2021-04-08,1.762
1177,002256,金信行业优选混合发起式,2021-04-09,1.75
1178,002256,金信行业优选混合发起式,2021-04-12,1.694
1179,002256,金信行业优选混合发起式,2021-04-13,1.695
1180,002256,金信行业优选混合发起式,2021-04-14,1.707
1181,002256,金信行业优选混合发起式,2021-04-15,1.715
1182,002256,金信行业优选混合发起式,2021-04-16,1.697
1183,002256,金信行业优选混合发起式,2021-04-19,1.754
1184,002256,金信行业优选混合发起式,2021-04-20,1.743
1185,002256,金信行业优选混合发起式,2021-04-21,1.75
1186,002256,金信行业优选混合发起式,2021-04-22,1.784
1187,002256,金信行业优选混合发起式,2021-04-23,1.786
1188,002256,金信行业优选混合发起式,2021-04-26,1.791
1189,002256,金信行业优选混合发起式,2021-04-27,1.791
1190,002256,金信行业优选混合发起式,2021-04-28,1.823
1191,002256,金信行业优选混合发起式,2021-04-29,1.83
1192,002256,金信行业优选混合发起式,2021-04-30,1.84
1193,002256,金信行业优选混合发起式,2021-05-06,1.803
1194,002256,金信行业优选混合发起式,2021-05-07,1.698
1195,002256,金信行业优选混合发起式,2021-05-10,1.68
1196,002256,金信行业优选混合发起式,2021-05-11,1.686
1197,002256,金信行业优选混合发起式,2021-05-12,1.708
1198,002256,金信行业优选混合发起式,2021-05-13,1.701
1199,002256,金信行业优选混合发起式,2021-05-14,1.731
1200,002256,金信行业优选混合发起式,2021-05-17,1.774
1201,002256,金信行业优选混合发起式,2021-05-18,1.779
1202,002256,金信行业优选混合发起式,2021-05-19,1.807
1203,002256,金信行业优选混合发起式,2021-05-20,1.826
1204,002256,金信行业优选混合发起式,2021-05-21,1.817
1205,002256,金信行业优选混合发起式,2021-05-24,1.838
1206,002256,金信行业优选混合发起式,2021-05-25,1.877
1207,002256,金信行业优选混合发起式,2021-05-26,1.865
1208,002256,金信行业优选混合发起式,2021-05-27,1.948
1209,002256,金信行业优选混合发起式,2021-05-28,1.942
1210,002256,金信行业优选混合发起式,2021-05-31,1.987
1211,002256,金信行业优选混合发起式,2021-06-01,1.985
1212,002256,金信行业优选混合发起式,2021-06-02,1.951
1213,002256,金信行业优选混合发起式,2021-06-03,1.923
1214,002256,金信行业优选混合发起式,2021-06-04,1.992
1215,002256,金信行业优选混合发起式,2021-06-07,2.042
1216,002256,金信行业优选混合发起式,2021-06-08,2.012
1217,002256,金信行业优选混合发起式,2021-06-09,2.014
1218,002256,金信行业优选混合发起式,2021-06-10,2.06
1219,002256,金信行业优选混合发起式,2021-06-11,2.06
1220,002256,金信行业优选混合发起式,2021-06-15,2.069
1221,002256,金信行业优选混合发起式,2021-06-16,2.011
1222,002256,金信行业优选混合发起式,2021-06-17,2.154
1223,002256,金信行业优选混合发起式,2021-06-18,2.187
1224,002256,金信行业优选混合发起式,2021-06-21,2.225
1225,002256,金信行业优选混合发起式,2021-06-22,2.211
1226,002256,金信行业优选混合发起式,2021-06-23,2.29
1227,002256,金信行业优选混合发起式,2021-06-24,2.231
1228,002256,金信行业优选混合发起式,2021-06-25,2.263
1229,002256,金信行业优选混合发起式,2021-06-28,2.333
1230,002256,金信行业优选混合发起式,2021-06-29,2.321
1231,002256,金信行业优选混合发起式,2021-06-30,2.477
1232,002256,金信行业优选混合发起式,2021-07-01,2.442
1233,002256,金信行业优选混合发起式,2021-07-02,2.456
1234,002256,金信行业优选混合发起式,2021-07-05,2.499
1235,002256,金信行业优选混合发起式,2021-07-06,2.448
1236,002256,金信行业优选混合发起式,2021-07-07,2.504
1237,002256,金信行业优选混合发起式,2021-07-08,2.594
1238,002256,金信行业优选混合发起式,2021-07-09,2.551
1239,002256,金信行业优选混合发起式,2021-07-12,2.579
1240,002256,金信行业优选混合发起式,2021-07-13,2.442
1241,002256,金信行业优选混合发起式,2021-07-14,2.423
1242,002256,金信行业优选混合发起式,2021-07-15,2.441
1243,002256,金信行业优选混合发起式,2021-07-16,2.404
1244,002256,金信行业优选混合发起式,2021-07-19,2.404
1245,002256,金信行业优选混合发起式,2021-07-20,2.487
1246,002256,金信行业优选混合发起式,2021-07-21,2.564
1247,002256,金信行业优选混合发起式,2021-07-22,2.666
1248,002256,金信行业优选混合发起式,2021-07-23,2.682
1249,002256,金信行业优选混合发起式,2021-07-26,2.7
1250,002256,金信行业优选混合发起式,2021-07-27,2.66
1251,002256,金信行业优选混合发起式,2021-07-28,2.539
1252,002256,金信行业优选混合发起式,2021-07-29,2.705
1253,002256,金信行业优选混合发起式,2021-07-30,2.69
1254,002256,金信行业优选混合发起式,2021-08-02,2.56
1255,002256,金信行业优选混合发起式,2021-08-03,2.42
1256,002256,金信行业优选混合发起式,2021-08-04,2.509
1257,002256,金信行业优选混合发起式,2021-08-05,2.53
1258,002256,金信行业优选混合发起式,2021-08-06,2.486
1259,002256,金信行业优选混合发起式,2021-08-09,2.451
1260,002256,金信行业优选混合发起式,2021-08-10,2.415
1261,002256,金信行业优选混合发起式,2021-08-11,2.442
1262,002256,金信行业优选混合发起式,2021-08-12,2.461
1263,002256,金信行业优选混合发起式,2021-08-13,2.367
1264,002256,金信行业优选混合发起式,2021-08-16,2.432
1265,002256,金信行业优选混合发起式,2021-08-17,2.336
1266,002256,金信行业优选混合发起式,2021-08-18,2.34
1267,002256,金信行业优选混合发起式,2021-08-19,2.383
1268,002256,金信行业优选混合发起式,2021-08-20,2.424
1269,002256,金信行业优选混合发起式,2021-08-23,2.451
1270,002256,金信行业优选混合发起式,2021-08-24,2.516
1271,002256,金信行业优选混合发起式,2021-08-25,2.495
1272,002256,金信行业优选混合发起式,2021-08-26,2.48
1273,002256,金信行业优选混合发起式,2021-08-27,2.468
1274,002256,金信行业优选混合发起式,2021-08-30,2.421
1275,002256,金信行业优选混合发起式,2021-08-31,2.352
1276,002256,金信行业优选混合发起式,2021-09-01,2.376
1277,002256,金信行业优选混合发起式,2021-09-02,2.287
1278,002256,金信行业优选混合发起式,2021-09-03,2.28
1279,002256,金信行业优选混合发起式,2021-09-06,2.357
1280,002256,金信行业优选混合发起式,2021-09-07,2.368
1281,002256,金信行业优选混合发起式,2021-09-08,2.334
1282,002256,金信行业优选混合发起式,2021-09-09,2.309
1283,002256,金信行业优选混合发起式,2021-09-10,2.497
1284,002256,金信行业优选混合发起式,2021-09-13,2.367
1285,002256,金信行业优选混合发起式,2021-09-14,2.403
1286,002256,金信行业优选混合发起式,2021-09-15,2.394
1287,002256,金信行业优选混合发起式,2021-09-16,2.316
1288,002256,金信行业优选混合发起式,2021-09-17,2.304
1289,002256,金信行业优选混合发起式,2021-09-22,2.341
1290,002256,金信行业优选混合发起式,2021-09-23,2.399
1291,002256,金信行业优选混合发起式,2021-09-24,2.391
1292,002256,金信行业优选混合发起式,2021-09-27,2.348
1293,002256,金信行业优选混合发起式,2021-09-28,2.356
1294,002256,金信行业优选混合发起式,2021-09-29,2.295
1295,002256,金信行业优选混合发起式,2021-09-30,2.393
1296,002256,金信行业优选混合发起式,2021-10-08,2.337
1297,002256,金信行业优选混合发起式,2021-10-11,2.293
1298,002256,金信行业优选混合发起式,2021-10-12,2.193
1299,002256,金信行业优选混合发起式,2021-10-13,2.271
1300,002256,金信行业优选混合发起式,2021-10-14,2.272
1301,002256,金信行业优选混合发起式,2021-10-15,2.381
1302,002256,金信行业优选混合发起式,2021-10-18,2.381
1303,002256,金信行业优选混合发起式,2021-10-19,2.399
1304,002256,金信行业优选混合发起式,2021-10-20,2.39
1305,002256,金信行业优选混合发起式,2021-10-21,2.342
1306,002256,金信行业优选混合发起式,2021-10-22,2.403
1307,002256,金信行业优选混合发起式,2021-10-25,2.412
1308,002256,金信行业优选混合发起式,2021-10-26,2.38
1309,002256,金信行业优选混合发起式,2021-10-27,2.344
1310,002256,金信行业优选混合发起式,2021-10-28,2.317
1311,002256,金信行业优选混合发起式,2021-10-29,2.398
1312,002256,金信行业优选混合发起式,2021-11-01,2.435
1313,002256,金信行业优选混合发起式,2021-11-02,2.481
1314,002256,金信行业优选混合发起式,2021-11-03,2.5
1315,002256,金信行业优选混合发起式,2021-11-04,2.548
1316,002256,金信行业优选混合发起式,2021-11-05,2.543
1317,002256,金信行业优选混合发起式,2021-11-08,2.499
1318,002256,金信行业优选混合发起式,2021-11-09,2.579
1319,002256,金信行业优选混合发起式,2021-11-10,2.58
1320,002256,金信行业优选混合发起式,2021-11-11,2.681
1321,002256,金信行业优选混合发起式,2021-11-12,2.691
1322,002256,金信行业优选混合发起式,2021-11-15,2.627
1323,002256,金信行业优选混合发起式,2021-11-16,2.563
1324,002256,金信行业优选混合发起式,2021-11-17,2.633
1325,002256,金信行业优选混合发起式,2021-11-18,2.656
1326,002256,金信行业优选混合发起式,2021-11-19,2.689
1327,002256,金信行业优选混合发起式,2021-11-22,2.835
1328,002256,金信行业优选混合发起式,2021-11-23,2.819
1329,002256,金信行业优选混合发起式,2021-11-24,2.82
1330,002256,金信行业优选混合发起式,2021-11-25,2.79
1331,002256,金信行业优选混合发起式,2021-11-26,2.734
1332,002256,金信行业优选混合发起式,2021-11-29,2.771
1333,002256,金信行业优选混合发起式,2021-11-30,2.781
1334,002256,金信行业优选混合发起式,2021-12-01,2.751
1335,002256,金信行业优选混合发起式,2021-12-02,2.709
1336,002256,金信行业优选混合发起式,2021-12-03,2.731
1337,002256,金信行业优选混合发起式,2021-12-06,2.655
1338,002256,金信行业优选混合发起式,2021-12-07,2.557
1339,002256,金信行业优选混合发起式,2021-12-08,2.607
1340,002256,金信行业优选混合发起式,2021-12-09,2.612
1341,002256,金信行业优选混合发起式,2021-12-10,2.617
1342,002256,金信行业优选混合发起式,2021-12-13,2.648
1343,002256,金信行业优选混合发起式,2021-12-14,2.664
1344,002256,金信行业优选混合发起式,2021-12-15,2.626
1345,002256,金信行业优选混合发起式,2021-12-16,2.605
1346,002256,金信行业优选混合发起式,2021-12-17,2.531
1347,002256,金信行业优选混合发起式,2021-12-20,2.445
1348,002256,金信行业优选混合发起式,2021-12-21,2.479
1349,002256,金信行业优选混合发起式,2021-12-22,2.504
1350,002256,金信行业优选混合发起式,2021-12-23,2.521
1351,002256,金信行业优选混合发起式,2021-12-24,2.477
1352,002256,金信行业优选混合发起式,2021-12-27,2.436
1353,002256,金信行业优选混合发起式,2021-12-28,2.471
1354,002256,金信行业优选混合发起式,2021-12-29,2.438
1355,002256,金信行业优选混合发起式,2021-12-30,2.486
1356,002256,金信行业优选混合发起式,2021-12-31,2.454
1357,002256,金信行业优选混合发起式,2022-01-04,2.374
1358,002256,金信行业优选混合发起式,2022-01-05,2.264
1359,002256,金信行业优选混合发起式,2022-01-06,2.268
1360,002256,金信行业优选混合发起式,2022-01-07,2.23
1361,002256,金信行业优选混合发起式,2022-01-10,2.218
1362,002256,金信行业优选混合发起式,2022-01-11,2.158
1363,002256,金信行业优选混合发起式,2022-01-12,2.196
1364,002256,金信行业优选混合发起式,2022-01-13,2.156
1365,002256,金信行业优选混合发起式,2022-01-14,2.224
1366,002256,金信行业优选混合发起式,2022-01-17,2.249
1367,002256,金信行业优选混合发起式,2022-01-18,2.261
1368,002256,金信行业优选混合发起式,2022-01-19,2.222
1369,002256,金信行业优选混合发起式,2022-01-20,2.189
1370,002256,金信行业优选混合发起式,2022-01-21,2.15
1371,002256,金信行业优选混合发起式,2022-01-24,2.188
1372,002256,金信行业优选混合发起式,2022-01-25,2.148
1373,002256,金信行业优选混合发起式,2022-01-26,2.174
1374,002256,金信行业优选混合发起式,2022-01-27,2.105
1375,002256,金信行业优选混合发起式,2022-01-28,2.067
1376,002256,金信行业优选混合发起式,2022-02-07,2.077
1377,002256,金信行业优选混合发起式,2022-02-08,1.992
1378,002256,金信行业优选混合发起式,2022-02-09,2.024
1379,002256,金信行业优选混合发起式,2022-02-10,2.005
1380,002256,金信行业优选混合发起式,2022-02-11,1.958
1381,002256,金信行业优选混合发起式,2022-02-14,1.949
1382,002256,金信行业优选混合发起式,2022-02-15,2.01
1383,002256,金信行业优选混合发起式,2022-02-16,1.986
1384,002256,金信行业优选混合发起式,2022-02-17,2.03
1385,002256,金信行业优选混合发起式,2022-02-18,2.01
1386,002256,金信行业优选混合发起式,2022-02-21,1.989
1387,002256,金信行业优选混合发起式,2022-02-22,2.02
1388,002256,金信行业优选混合发起式,2022-02-23,2.158
1389,002256,金信行业优选混合发起式,2022-02-24,2.158
1390,002256,金信行业优选混合发起式,2022-02-25,2.178
1391,002256,金信行业优选混合发起式,2022-02-28,2.195
1392,002256,金信行业优选混合发起式,2022-03-01,2.196
1393,002256,金信行业优选混合发起式,2022-03-02,2.173
1394,002256,金信行业优选混合发起式,2022-03-03,2.112
1395,002256,金信行业优选混合发起式,2022-03-04,2.096
1396,002256,金信行业优选混合发起式,2022-03-07,2.032
1397,002256,金信行业优选混合发起式,2022-03-08,2.06
1398,002256,金信行业优选混合发起式,2022-03-09,2.097
1399,002256,金信行业优选混合发起式,2022-03-10,2.097
1400,002256,金信行业优选混合发起式,2022-03-11,2.087
1401,002256,金信行业优选混合发起式,2022-03-14,2.022
1402,002256,金信行业优选混合发起式,2022-03-15,1.997
1403,002256,金信行业优选混合发起式,2022-03-16,2.104
1404,002256,金信行业优选混合发起式,2022-03-17,2.136
1405,002256,金信行业优选混合发起式,2022-03-18,2.126
1406,002256,金信行业优选混合发起式,2022-03-21,2.157
1407,002256,金信行业优选混合发起式,2022-03-22,2.109
1408,002256,金信行业优选混合发起式,2022-03-23,2.108
1409,002256,金信行业优选混合发起式,2022-03-24,2.054
1410,002256,金信行业优选混合发起式,2022-03-25,2.011
1411,002256,金信行业优选混合发起式,2022-03-28,1.985
1412,002256,金信行业优选混合发起式,2022-03-29,1.925
1413,002256,金信行业优选混合发起式,2022-03-30,1.979
1414,002256,金信行业优选混合发起式,2022-03-31,1.919
1415,002256,金信行业优选混合发起式,2022-04-01,1.911
1416,002256,金信行业优选混合发起式,2022-04-06,1.811
1417,002256,金信行业优选混合发起式,2022-04-07,1.768
1418,002256,金信行业优选混合发起式,2022-04-08,1.766
1419,002256,金信行业优选混合发起式,2022-04-11,1.677
1420,002256,金信行业优选混合发起式,2022-04-12,1.681
1421,002256,金信行业优选混合发起式,2022-04-13,1.619
1422,002256,金信行业优选混合发起式,2022-04-14,1.673
1423,002256,金信行业优选混合发起式,2022-04-15,1.659
1424,002256,金信行业优选混合发起式,2022-04-18,1.732
1425,002256,金信行业优选混合发起式,2022-04-19,1.703
1426,002256,金信行业优选混合发起式,2022-04-20,1.685
1427,002256,金信行业优选混合发起式,2022-04-21,1.654
1428,002256,金信行业优选混合发起式,2022-04-22,1.608
1429,002256,金信行业优选混合发起式,2022-04-25,1.496
1430,002256,金信行业优选混合发起式,2022-04-26,1.452
1431,002256,金信行业优选混合发起式,2022-04-27,1.56
1432,002256,金信行业优选混合发起式,2022-04-28,1.556
1433,002256,金信行业优选混合发起式,2022-04-29,1.627
1434,002256,金信行业优选混合发起式,2022-05-05,1.644
1435,002256,金信行业优选混合发起式,2022-05-06,1.611
1436,002256,金信行业优选混合发起式,2022-05-09,1.594
1437,002256,金信行业优选混合发起式,2022-05-10,1.674
1438,002256,金信行业优选混合发起式,2022-05-11,1.722
1439,002256,金信行业优选混合发起式,2022-05-12,1.732
1440,002256,金信行业优选混合发起式,2022-05-13,1.745
1441,002256,金信行业优选混合发起式,2022-05-16,1.725
1442,002256,金信行业优选混合发起式,2022-05-17,1.805
1443,002256,金信行业优选混合发起式,2022-05-18,1.806
1444,002256,金信行业优选混合发起式,2022-05-19,1.845
1445,002256,金信行业优选混合发起式,2022-05-20,1.841
1446,002256,金信行业优选混合发起式,2022-05-23,1.871
1447,002256,金信行业优选混合发起式,2022-05-24,1.802
1448,002256,金信行业优选混合发起式,2022-05-25,1.801
1449,002256,金信行业优选混合发起式,2022-05-26,1.788
1450,002256,金信行业优选混合发起式,2022-05-27,1.784
1451,002256,金信行业优选混合发起式,2022-05-30,1.797
1452,002256,金信行业优选混合发起式,2022-05-31,1.817
1453,002256,金信行业优选混合发起式,2022-06-01,1.822
1454,002256,金信行业优选混合发起式,2022-06-02,1.918
1455,002256,金信行业优选混合发起式,2022-06-06,1.967
1456,002256,金信行业优选混合发起式,2022-06-07,1.937
1457,002256,金信行业优选混合发起式,2022-06-08,1.914
1458,002256,金信行业优选混合发起式,2022-06-09,1.837
1459,002256,金信行业优选混合发起式,2022-06-10,1.874
1460,002256,金信行业优选混合发起式,2022-06-13,1.879
1461,002256,金信行业优选混合发起式,2022-06-14,1.839
1462,002256,金信行业优选混合发起式,2022-06-15,1.859
1463,002256,金信行业优选混合发起式,2022-06-16,1.897
1464,002256,金信行业优选混合发起式,2022-06-17,1.91
1465,002256,金信行业优选混合发起式,2022-06-20,1.918
1466,002256,金信行业优选混合发起式,2022-06-21,1.913
1467,002256,金信行业优选混合发起式,2022-06-22,1.903
1468,002256,金信行业优选混合发起式,2022-06-23,2.002
1469,002256,金信行业优选混合发起式,2022-06-24,2.012
1470,002256,金信行业优选混合发起式,2022-06-27,2.015
1471,002256,金信行业优选混合发起式,2022-06-28,2.049
1472,002256,金信行业优选混合发起式,2022-06-29,1.998
1473,002256,金信行业优选混合发起式,2022-06-30,2.046
1474,002256,金信行业优选混合发起式,2022-07-01,2.015
1475,002256,金信行业优选混合发起式,2022-07-04,1.992
1476,002256,金信行业优选混合发起式,2022-07-05,1.973
1477,002256,金信行业优选混合发起式,2022-07-06,2.044
1478,002256,金信行业优选混合发起式,2022-07-07,2.078
1479,002256,金信行业优选混合发起式,2022-07-08,2.093
1480,002256,金信行业优选混合发起式,2022-07-11,2.081
1481,002256,金信行业优选混合发起式,2022-07-12,2.006
1482,002256,金信行业优选混合发起式,2022-07-13,1.987
1483,002256,金信行业优选混合发起式,2022-07-14,2.048
1484,002256,金信行业优选混合发起式,2022-07-15,2.106
1485,002256,金信行业优选混合发起式,2022-07-18,2.091
1486,002256,金信行业优选混合发起式,2022-07-19,2.072
1487,002256,金信行业优选混合发起式,2022-07-20,2.101
1488,002256,金信行业优选混合发起式,2022-07-21,2.137
1489,002256,金信行业优选混合发起式,2022-07-22,2.108
1490,002256,金信行业优选混合发起式,2022-07-25,2.085
1491,002256,金信行业优选混合发起式,2022-07-26,2.099
1492,002256,金信行业优选混合发起式,2022-07-27,2.105
1493,002256,金信行业优选混合发起式,2022-07-28,2.176
1494,002256,金信行业优选混合发起式,2022-07-29,2.139
1495,002256,金信行业优选混合发起式,2022-08-01,2.199
1496,002256,金信行业优选混合发起式,2022-08-02,2.232
1497,002256,金信行业优选混合发起式,2022-08-03,2.247
1498,002256,金信行业优选混合发起式,2022-08-04,2.27
1499,002256,金信行业优选混合发起式,2022-08-05,2.386
1500,002256,金信行业优选混合发起式,2022-08-08,2.361
1501,002256,金信行业优选混合发起式,2022-08-09,2.363
1502,002256,金信行业优选混合发起式,2022-08-10,2.356
1503,002256,金信行业优选混合发起式,2022-08-11,2.36
1504,002256,金信行业优选混合发起式,2022-08-12,2.281
1505,002256,金信行业优选混合发起式,2022-08-15,2.297
1506,002256,金信行业优选混合发起式,2022-08-16,2.289
1507,002256,金信行业优选混合发起式,2022-08-17,2.289
1508,002256,金信行业优选混合发起式,2022-08-18,2.339
1509,002256,金信行业优选混合发起式,2022-08-19,2.259
1510,002256,金信行业优选混合发起式,2022-08-22,2.273
1511,002256,金信行业优选混合发起式,2022-08-23,2.272
1512,002256,金信行业优选混合发起式,2022-08-24,2.169
1513,002256,金信行业优选混合发起式,2022-08-25,2.123
1514,002256,金信行业优选混合发起式,2022-08-26,2.104
1515,002256,金信行业优选混合发起式,2022-08-29,2.169
1516,002256,金信行业优选混合发起式,2022-08-30,2.18
1517,002256,金信行业优选混合发起式,2022-08-31,2.112
1518,002256,金信行业优选混合发起式,2022-09-01,2.091
1519,002256,金信行业优选混合发起式,2022-09-02,2.124
1520,002256,金信行业优选混合发起式,2022-09-05,2.14
1521,002256,金信行业优选混合发起式,2022-09-06,2.177
1522,002256,金信行业优选混合发起式,2022-09-07,2.235
1523,002256,金信行业优选混合发起式,2022-09-08,2.249
1524,002256,金信行业优选混合发起式,2022-09-09,2.191
1525,002256,金信行业优选混合发起式,2022-09-13,2.208
1526,002256,金信行业优选混合发起式,2022-09-14,2.228
1527,002256,金信行业优选混合发起式,2022-09-15,2.13
1528,002256,金信行业优选混合发起式,2022-09-16,2.127
1529,002256,金信行业优选混合发起式,2022-09-19,2.092
1530,002256,金信行业优选混合发起式,2022-09-20,2.097
1531,002256,金信行业优选混合发起式,2022-09-21,2.04
1532,002256,金信行业优选混合发起式,2022-09-22,2.069
1533,002256,金信行业优选混合发起式,2022-09-23,2.0
1534,002256,金信行业优选混合发起式,2022-09-26,2.039
1535,002256,金信行业优选混合发起式,2022-09-27,2.09
1536,002256,金信行业优选混合发起式,2022-09-28,2.023
1537,002256,金信行业优选混合发起式,2022-09-29,2.057
1538,002256,金信行业优选混合发起式,2022-09-30,1.96
1539,002256,金信行业优选混合发起式,2022-10-10,1.816
1540,002256,金信行业优选混合发起式,2022-10-11,1.776
1541,002256,金信行业优选混合发起式,2022-10-12,1.878
1542,002256,金信行业优选混合发起式,2022-10-13,1.891
1543,002256,金信行业优选混合发起式,2022-10-14,1.904
1544,002256,金信行业优选混合发起式,2022-10-17,1.936
1545,002256,金信行业优选混合发起式,2022-10-18,1.943
1546,002256,金信行业优选混合发起式,2022-10-19,1.925
1547,002256,金信行业优选混合发起式,2022-10-20,2.02
1548,002256,金信行业优选混合发起式,2022-10-21,2.008
1549,002256,金信行业优选混合发起式,2022-10-24,2.055
1550,002256,金信行业优选混合发起式,2022-10-25,2.041
1551,002256,金信行业优选混合发起式,2022-10-26,2.102
1552,002256,金信行业优选混合发起式,2022-10-27,2.061
1553,002256,金信行业优选混合发起式,2022-10-28,2.081
1554,002256,金信行业优选混合发起式,2022-10-31,2.089
1555,002256,金信行业优选混合发起式,2022-11-01,2.09
1556,002256,金信行业优选混合发起式,2022-11-02,2.101
1557,002256,金信行业优选混合发起式,2022-11-03,2.184
1558,002256,金信行业优选混合发起式,2022-11-04,2.166
1559,002256,金信行业优选混合发起式,2022-11-07,2.089
1560,002256,金信行业优选混合发起式,2022-11-08,2.097
1561,002256,金信行业优选混合发起式,2022-11-09,2.068
1562,002256,金信行业优选混合发起式,2022-11-10,1.974
1563,002256,金信行业优选混合发起式,2022-11-11,2.002
1564,002256,金信行业优选混合发起式,2022-11-14,1.964
1565,002256,金信行业优选混合发起式,2022-11-15,2.042
1566,002256,金信行业优选混合发起式,2022-11-16,1.994
1567,002256,金信行业优选混合发起式,2022-11-17,2.04
1568,002256,金信行业优选混合发起式,2022-11-18,2.002
1569,002256,金信行业优选混合发起式,2022-11-21,2.018
1570,002256,金信行业优选混合发起式,2022-11-22,1.991
1571,002256,金信行业优选混合发起式,2022-11-23,2.004
1572,002256,金信行业优选混合发起式,2022-11-24,2.004
1573,002256,金信行业优选混合发起式,2022-11-25,1.979
1574,002256,金信行业优选混合发起式,2022-11-28,1.955
1575,002256,金信行业优选混合发起式,2022-11-29,1.913
1576,002256,金信行业优选混合发起式,2022-11-30,1.906
1577,002256,金信行业优选混合发起式,2022-12-01,1.94
1578,002256,金信行业优选混合发起式,2022-12-02,1.956
1579,002256,金信行业优选混合发起式,2022-12-05,1.914
1580,002256,金信行业优选混合发起式,2022-12-06,1.969
1581,002256,金信行业优选混合发起式,2022-12-07,1.945
1582,002256,金信行业优选混合发起式,2022-12-08,1.91
1583,002256,金信行业优选混合发起式,2022-12-09,1.935
1584,002256,金信行业优选混合发起式,2022-12-12,1.951
1585,002256,金信行业优选混合发起式,2022-12-13,1.888
1586,002256,金信行业优选混合发起式,2022-12-14,1.891
1587,002256,金信行业优选混合发起式,2022-12-15,1.898
1588,002256,金信行业优选混合发起式,2022-12-16,1.843
1589,002256,金信行业优选混合发起式,2022-12-19,1.808
1590,002256,金信行业优选混合发起式,2022-12-20,1.796
1591,002256,金信行业优选混合发起式,2022-12-21,1.765
1592,002256,金信行业优选混合发起式,2022-12-22,1.739
1593,002256,金信行业优选混合发起式,2022-12-23,1.684
1594,002256,金信行业优选混合发起式,2022-12-26,1.756
1595,002256,金信行业优选混合发起式,2022-12-27,1.801
1596,002256,金信行业优选混合发起式,2022-12-28,1.796
1597,002256,金信行业优选混合发起式,2022-12-29,1.791
1598,002256,金信行业优选混合发起式,2022-12-30,1.784
1599,002256,金信行业优选混合发起式,2023-01-03,1.84
1600,002256,金信行业优选混合发起式,2023-01-04,1.781
1601,002256,金信行业优选混合发起式,2023-01-05,1.787
1602,002256,金信行业优选混合发起式,2023-01-06,1.788
1603,002256,金信行业优选混合发起式,2023-01-09,1.792
1604,002256,金信行业优选混合发起式,2023-01-10,1.813
1605,002256,金信行业优选混合发起式,2023-01-11,1.781
1606,002256,金信行业优选混合发起式,2023-01-12,1.777
1607,002256,金信行业优选混合发起式,2023-01-13,1.766
1608,002256,金信行业优选混合发起式,2023-01-16,1.805
1609,002256,金信行业优选混合发起式,2023-01-17,1.872
1610,002256,金信行业优选混合发起式,2023-01-18,1.854
1611,002256,金信行业优选混合发起式,2023-01-19,1.897
1612,002256,金信行业优选混合发起式,2023-01-20,1.88
1613,002256,金信行业优选混合发起式,2023-01-30,1.855
1614,002256,金信行业优选混合发起式,2023-01-31,1.798
1615,002256,金信行业优选混合发起式,2023-02-01,1.838
1616,002256,金信行业优选混合发起式,2023-02-02,1.887
1617,002256,金信行业优选混合发起式,2023-02-03,1.894
1618,002256,金信行业优选混合发起式,2023-02-06,1.868
1619,002256,金信行业优选混合发起式,2023-02-07,1.84
1620,002256,金信行业优选混合发起式,2023-02-08,1.822
1621,002256,金信行业优选混合发起式,2023-02-09,1.913
1622,002256,金信行业优选混合发起式,2023-02-10,1.886
1623,002256,金信行业优选混合发起式,2023-02-13,1.906
1624,002256,金信行业优选混合发起式,2023-02-14,1.896
1625,002256,金信行业优选混合发起式,2023-02-15,1.948
1626,002256,金信行业优选混合发起式,2023-02-16,1.911
1627,002256,金信行业优选混合发起式,2023-02-17,1.837
1628,002256,金信行业优选混合发起式,2023-02-20,1.847
1629,002256,金信行业优选混合发起式,2023-02-21,1.849
1630,002256,金信行业优选混合发起式,2023-02-22,1.857
1631,002256,金信行业优选混合发起式,2023-02-23,1.845
1632,002256,金信行业优选混合发起式,2023-02-24,1.847
1633,002256,金信行业优选混合发起式,2023-02-27,1.827
1634,002256,金信行业优选混合发起式,2023-02-28,1.821
1635,002256,金信行业优选混合发起式,2023-03-01,1.838
1636,002256,金信行业优选混合发起式,2023-03-02,1.822
1637,002256,金信行业优选混合发起式,2023-03-03,1.868
